{
  "ClassName": "ActivableData",
  "Mappings": {
    "&.1.1": "To draw;Data;AnimatedSpriteData",
    "&.2": "Type;Enum;(PressPickupButton|PressurePlate|Hit)",
    "&.4": "Null collision zone;Default;",
    "&.5": "Deactivate timer duration (frames, -1 = never);Int;",
    "&.7": "Destroy on activation;Boolean;",
    "&.9": "Destroy activables with same data on activate;Boolean;",
    "&.10.1": "To apply on activating character;Data;FeedbackData",
    "&.11": "Is survival portal;Data;ActivableData",
    "&.12.1": "Override half (Z) depth;ScaledInt;"
  }
}