{
  "ClassName": "AdventureKeyData",
  "Mappings": {
    "&.9.1": "*.MetaProgression ref (purpose?);Default;",
    "&.10.1": "*.MetaProgression ref (purpose?);Default;",
    "&.12.1": "*.MetaProgression ref (purpose?);Default;",
    "&.13.1": "*.MetaProgression ref (purpose?);Default;",
    "&.14.1": "*.PermaKey ref, Shop gold tracker?;Default;",
    "&.19.1": ";Data;CharacterData",
    "&.23.1": ";Data;CharacterData",
    "&.28.1": ";Data;CharacterData",
    "&.32.1": ";Data;CharacterData",
    "&.40.1": "Crystal tracker;Default;",
    "&.41.1": "Root tracker;Default;",
    "&.44.1": "Fruit tracker;Default;"
  }
}