{
  "ClassName": "AnimatedSpriteEffectData",
  "Mappings": {
    "&.1": "Emit particles;Boolean;",
    "&.3": "Particle life (frames);Int;",
    "&.4": "Particle fade mode;Enum;(None|FadeIn|FadeOut|FadeInOut|BlinkOut|Count)",
    "&.6": "Blend mode;Enum;(Colorize|ColorAdditive|ColorizePremult|Replace|ReplaceAdditive|Multiple|Premultiply|Count)",
    "&.7.1": "Particle sprite;Data;AnimatedSpriteData",
    "&.10": "Use glow;Boolean;",
    "&.12": "Glow radius;Default;",
    "&.13": "Glow bias;Default;",
    "&.14": "Duration (seconds);Default;",
    "&.16": "Use shield;Boolean;",
    "&.18": "Shield spread;Default;",
    "&.20": "Glow anim;Default;",
    "&.21": "Pause before loop (seconds);Default;",
    "&.22": "Emit over whole surface;Boolean;",
    "&.23": "Use colorize;Boolean;",
    "&.25": "Desync period;Boolean;",
    "&.26.1": "Transposition palette (expects a Texture LUT);String;"
  }
}