{
  "ClassName": "BallData",
  "Mappings": {
    "&.1.1": "To draw;Data;AnimatedSpriteData",
    "&.2.1": "Fixture height;ScaledInt;",
    "&.3.1": "Mass (in Kg, how slow it oscillates);ScaledInt;",
    "&.4.1": "Drag (how quick it settles, 0: won\u0027t move, 1: won\u0027t slow);ScaledInt;",
    "&.5.1": "Hitbox half depth (Z-depth);ScaledInt;",
    "&.7": "Time between hits (frames?);Int;",
    "&.8.1": "Damage to speed factor;ScaledInt;",
    "&.9.1": "Max velocity;ScaledInt;",
    "&.10.1": "Max velocity per hit;ScaledInt;",
    "&.11.1": "Throw weapon multiplier;ScaledInt;",
    "&.12.1": "Force to speed factor;ScaledInt;"
  }
}