{
  "ClassName": "BioInfo",
  "Mappings": {
    "&.2.1": "Background portrait;Data;SpriteData",
    "&.3.1": "Selected icon;Data;SpriteData",
    "&.4.1": "Deselected icon;Data;SpriteData",
    "&.5": "Full name;Data;LocalizationData",
    "&.6": "Occupation;Data;LocalizationData",
    "&.7": "Fighting style;Data;LocalizationData",
    "&.8": "Hobbies;Data;LocalizationData",
    "&.9": "Moves;Data;LocalizationData",
    "&.10": "Description;Data;LocalizationData",
    "&.11": "Power (Stars, 1-4);Int;",
    "&.12": "Technique (Stars, 1-4);Int;",
    "&.13": "Speed (Stars, 1-4);Int;",
    "&.14": "Jump (Stars, 1-4);Int;",
    "&.15": "Stamina (Stars, 1-4);Int;",
    "&.16": "Is DLC;Boolean;"
  }
}