{
  "ClassName": "Bonus",
  "Mappings": {
    "&.2": "Buff type;Enum;(None|Damage|Defense|WalkSpeed|Toxic|Fire|Electric|SpecialCostDown|SpecialNoRecover|MoreDamageAllAround|OneLessJumpDamageDefenseSpeedUp|OneMoreJump|LifeRegenNoHeal|StarMoveAllElementsLessDamages|ComboDamageMultiplierLessDamages|WeaponsDurability|Score|StarMoveRocket|Ally)",
    "&.3.1": "To spawn;Data;PickupData",
    "&.4.1": "Buff amount;ScaledInt;",
    "&.5": "Move type;Enum;(All|ChargedAttack|Blitz|AllSpecial|Weapons|StarMove)",
    "&.6": "Continue count;Int;",
    "&.7": "Icon animation (from where?);Default;",
    "&.8": "Title;Data;LocalizationData",
    "&.9": "Description;Data;LocalizationData",
    "&.10": "Description (has one);Data;LocalizationData",
    "&.11": "Description (no special);Data;LocalizationData",
    "&.12": "Description (no special, has one);Data;LocalizationData",
    "&.14.1": "Buff amount 2 (do not scale);ScaledInt;",
    "&.15.1": "Buff amount 3 (do not scale);ScaledInt;",
    "&.16": "Weapon related;Boolean;",
    "&.17": "Max occurrences;Int;",
    "&.18": "Pickup sound event;Default;",
    "&.19": "Revive players;Boolean;",
    "&.20": "Pickup count;Int;",
    "&.21": "Comparison mode;Enum;(None|Greater|Lesser|GreaterOrEqual|LesserOrEqual|Equal|NotEqual)",
    "&.22": "Life comparison reference (%);Int;",
    "&.23": "Title (no special);Data;LocalizationData",
    "&.24": "Random no special;Boolean;",
    "&.25": "Random no special ID;Int;",
    "&.26": "Random no weapon;Boolean;",
    "&.27": "Random no weapon ID;Int;",
    "&.28": "Non-weapon title;Data;LocalizationData",
    "&.29": "Non-weapon description;Data;LocalizationData",
    "&.30": "Considered no weapon if can interact;Boolean;"
  }
}