{
  "ClassName": "CharSpawnProjectile",
  "Mappings": {
    "&.1.1": "Asset ref;Data;ProjectileData",
    "&.4": "Relative to screen;Boolean;",
    "&.5": "Is XY relative (YZ = relative to camera) (requires test);Boolean;",
    "&.6": "Spawn at random enemy;Boolean;",
    "&.7": "Spawn at random position;Boolean;",
    "&.8": "Quantity;Int;",
    "&.9": "Freeze before move (frames);Int;",
    "&.10": "Align with character depth;Boolean;",
    "&.11": "Can spawn outside walkable;Boolean;",
    "&.12": "Spawn at random living character;Boolean;",
    "&.13": "Can friendly fire;Boolean;",
    "&.14": "Spawn with body direction?;Boolean;"
  }
}