{
  "ClassName": "CharacterData",
  "Mappings": {
    "&.1.1": "Animations;Data;AnimatedSpriteData",
    "&.3.1": "Friction coefficient;ScaledInt;",
    "&.5.1": "X jump speed;ScaledInt;",
    "&.6.1": "Y jump speed;ScaledInt;",
    "&.9.1": "Max health;ScaledInt;",
    "&.11.1": "On damage taken;Data;FeedbackData",
    "&.12.1": "On death;Data;FeedbackData",
    "&.13": "Name;Data;LocalizationData",
    "&.14.1": "HUD icon;String;",
    "&.16": "Overweight character;Boolean;",
    "&.18.1": "Grab reach (from character X-centroid);ScaledInt;",
    "&.20": "AI post-attack cooldown (frames);Int;",
    "&.21.1": "Y force multiplier for received hits;ScaledInt;",
    "&.22": "Scripted invincibility duration after rise (frames);Int;",
    "&.23.1": "Jump hurtbox min Y;ScaledInt;",
    "&.24.1": "Jump hurtbox height;ScaledInt;",
    "&.25": "Boss character;Boolean;",
    "&.26.1": "Max stamina (unused?);ScaledInt;",
    "&.27.1": "For stand/walk;Data;FeedbackData",
    "&.29": "Team ID;Int;",
    "&.31.1": "Run speed (0 = disabled);ScaledInt;",
    "&.32": "AI grab breakout timer (frames);Int;",
    "&.35": "Allow Saiyan form;Boolean;",
    "&.36": "AI detector check all;Boolean;",
    "&.37": "AI can attack aerial KO target;Boolean;",
    "&.38": "AI can emergency teleport;Boolean;",
    "&.39.1": ";ScaledInt;",
    "&.40.1": ";ScaledInt;",
    "&.41.1": ";ScaledInt;",
    "&.47.1": ";ScaledInt;",
    "&.101": "Always friendly fire;Boolean;",
    "&.102": "Can\u0027t be lifted;Boolean;",
    "&.103": "No reaction from hits;Boolean;",
    "&.104": "Permanant armor;Boolean;",
    "&.105": "Sleep instead of dying;Boolean;",
    "&.106": "Time before revive from sleep (frames?, -1 = disabled?);Int;",
    "&.108.1": "Small jump speed X;ScaledInt;",
    "&.109.1": "Small jump speed Y;ScaledInt;",
    "&.110.1": "Feedback on block;Data;FeedbackData",
    "&.111.1": "Air KO hurtbox depth;ScaledInt;",
    "&.112": "Immortal (takes no damage);Boolean;",
    "&.113": "Always invincible;Boolean;",
    "&.114": "Duration before auto-destruct (frames?);Int;",
    "&.115.1": "Air move hurtbox min Y;ScaledInt;",
    "&.116.1": "Air move hurtbox height;ScaledInt;",
    "&.117.1": "Jump run speed bonus X;ScaledInt;",
    "&.118": "Auto-catch thrown weapons;Boolean;",
    "&.120": "Always max stamina;Boolean;",
    "&.121": "Stamina regen delay (frames?, unused?);Int;",
    "&.122.1": "Stamina regen speed multiplier;ScaledInt;",
    "&.123": "Stamina broken duration (frames?);Int;",
    "&.124": "Break weapon and execute this Character.Move;Default;",
    "&.125.1": "Always super armor damage multiplier;ScaledInt;",
    "&.126": "Always super armor grabbable;Boolean;",
    "&.127": "Boss display stamina bar;Boolean;",
    "&.128": "Hits cannot break super armor;Boolean;",
    "&.129": "Stamina full after broken;Boolean;",
    "&.130.1": "Guard crush feedback;Data;FeedbackData",
    "&.131": "Double throw move name (*.Move);Default;",
    "&.132": "Enemy tech-out chance (%);Int;",
    "&.133.1": "Saiyan form;Data;CharacterData",
    "&.134": "Can pickup weapons;Boolean;",
    "&.135.1": "Pickup replace weapon (e.g. Zan ball, empty = none);Data;PickupData",
    "&.136.1": "Air control speed;ScaledInt;",
    "&.137": "Allow direction switching (during jump);Boolean;",
    "&.139.1": "Drop weapon gravity multiplier;ScaledInt;",
    "&.140.1": "Feedback to display (permanent);Data;FeedbackData",
    "&.141": "Grab use phase check;Boolean;",
    "&.142": "Grab struggle reversal move (CharacterData.Move);Default;",
    "&.143": "Guard crush duration (frames);Int;",
    "&.144": "Invincible to robots;Boolean;",
    "&.145": "Invincible to damage areas;Boolean;",
    "&.146": "Charged attack charge feedback active;Boolean;",
    "&.147.1": "Neutral jump speed multiplier Y;ScaledInt;",
    "&.148.1": "Guard hit freeze multiplier;ScaledInt;",
    "&.149.1": "Guard hit stun multiplier;ScaledInt;",
    "&.150.1": "On grab;Data;FeedbackData",
    "&.151": "Invincibility after rising (frames);Int;",
    "&.152": "Can show super armor feedback;Boolean;",
    "&.153": "Combine Special and Star Move input;Boolean;",
    "&.154.1": "Duo boss portrait;Data;SpriteData",
    "&.155": "Is left on duo portrait;Boolean;",
    "&.156": "Player arrow offset (3-4p);Default;",
    "&.157": "Can earn score;Boolean;",
    "&.158": "Retro tag? e.g. SOR2.Enemies=Retro_Sor2, SOR(1|3).Playables=Retro;Default;",
    "&.159.1": "On jump;Data;FeedbackData",
    "&.160.1": "On landing;Data;FeedbackData",
    "&.162": "Sound to play on death? e.g. SOR2.(Electra|Max2), SOR3.Shiva3;Default;",
    "&.163": "Fall in hole sound;Default;",
    "&.164": "Follow players if ally;Boolean;",
    "&.164.1": ";ScaledInt;",
    "&.165": "Use default animation for held weapon;Boolean;",
    "&.166": "Override abnormal weapon interactions;Boolean;",
    "&.167": "Sound to play when beginning sprint;Default;",
    "&.168": "Extra grab break time (frames);Int;",
    "&.169": "Double throw ally move name (*.Move);Default;",
    "&.171.1": ";ScaledInt;",
    "&.172.1": ";ScaledInt;",
    "&.174.1": ";ScaledInt;",
    "&.175.1": ";ScaledInt;",
    "&.180.1": ";ScaledInt;",
    "&.181.1": ";ScaledInt;",
    "&.183.1": ";ScaledInt;",
    "&.184.1": ";ScaledInt;",
    "&.210.1": ";ScaledInt;",
    "&.214.1": ";ScaledInt;",
    "&.215.1": ";ScaledInt;",
    "&.218.1": ";ScaledInt;",
    "&.221.1": ";ScaledInt;",
    "&.230.1": ";ScaledInt;",
    "&.234.1": ";ScaledInt;",
    "&.241.1": ";ScaledInt;",
    "&.242.1": ";ScaledInt;",
    "&.247.1": ";ScaledInt;",
    "&.250.1": ";ScaledInt;",
    "&.251.1": ";ScaledInt;",
    "&.252.1": ";ScaledInt;",
    "&.262.1": ";ScaledInt;",
    "&.289.1": ";ScaledInt;",
    "&.290.1": ";ScaledInt;",
    "&.291.1": ";ScaledInt;",
    "&.294.1": ";ScaledInt;",
    "&.299.1": ";ScaledInt;"
  }
}