{
  "ClassName": "CharForceMove",
  "Mappings": {
    "&.1": "Spawner ref (as path?);Default;",
    "&.1.1": "Spawn reference (ID)",
    "&.2": "Character.Move reference (ID)",
    "&.2.1": "Character.Move reference (ID, as *.1);Default;",
    "&.3": "Target type;Enum;(Current|Spawner|Character|Count)",
    "&.4.1": "Target character type;Data;CharacterData",
    "&.5": "Move condition;Enum;(None|PressX|PressY|PressB|FuryX|FuryY|FuryB|FuryAny|ForwardDash|BackDash|Parry|Taunt|GrabFront|GrabBack|HoldOnlyForward|Always|GrabContinue|PressA|HoldBack|AiTargetInDetector|SecondVaultOrPressA|GrabFrontOrBack|StarMove|HitWall|HitWallStrict|GrabAirFront|GrabAirBack|GrabAirFrontOrBack|HoldAndReleaseX|TouchEnemy|DepthDashUp|DepthDashDown)",
    "&.6": "Stance;Enum;(StandOrCrouch|Air|Stand|Crouch|AirVertical)",
    "&.7": "Move command;Enum;(None|HoldForward|TapForward|ForwardForward|HoldDown|DownDown|Hadoken|Up|Backward|DiagonalUp|DiagonalDown|BackwardDiagonalUp|BackwardDiagonalDown|AiSpecialJump|AiSpecialJumpForward|AiSpecialJumpBackward|AllyThrown)"
  }
}