{
  "ClassName": "CharacterSpawner",
  "Mappings": {
    "&.1.1": "To spawn;Data;CharacterData",
    "&.3": "Type;Enum;(Sleep|Offscreen|Direct)",
    "&.5.1": "Distance from camera border;ScaledInt;",
    "&.6": "Spawn side (deprecated?);Enum;(Random|Left|Right)",
    "&.8": "Is training dummy;Boolean;",
    "&.9.1": "Height;ScaledInt;",
    "&.11.1": "Starting weapon;Data;PickupData",
    "&.12": "Spawn rendering mode (deprecated?);Enum;(None|BehindBackground)",
    "&.13": "Face right;Boolean;",
    "&.14.1": "To display with spawn;Data;HazardData",
    "&.15": "Check reinforcement limit;Boolean;",
    "&.16.1": "Override HP;ScaledInt;",
    "&.17": "Starting phase;Int;",
    "&.18.1": "Minimum life;ScaledInt;",
    "&.19": "Override team (-1 = disabled);Int;"
  }
}