{
  "ClassName": "CommandReposition",
  "Mappings": {
    "&.1.1": "X modifier type;Enum;(None|Replace|Add|Min vs old value|Max vs old value)",
    "&.1.2.1": "X force (\u003E0: Left);ScaledInt;",
    "&.2.1": "Y modifier type;Enum;(None|Replace|Add|Min vs old value|Max vs old value)",
    "&.2.2.1": "Y force (\u003E0: Up);ScaledInt;",
    "&.3.1": "Z modifier type;Enum;(None|Replace|Add|Min vs old value|Max vs old value)",
    "&.3.2.1": "Z force (\u003E0: Down);ScaledInt;",
    "&.4.1": "Z speed to target;ScaledInt;",
    "&.5": "Z speed to target strategy (bool as enum);Enum;(Set as max|Set as speed)",
    "&.6": "Random reverse Z;Boolean;"
  }
}