{
  "ClassName": "CompHighlightIfSelected",
  "Mappings": {
    "&.1": "Menu entry ID (\u003C0 = take from context);Int;",
    "&.4": "Offset duration;Default;",
    "&.5": "Offset tween type;Enum;(Once|Hold|Linear|EaseIn|EaseOut|Smooth|QuadraticEaseInOut|CubicEaseIn|CubicEaseOut|CubicEaseInOut|QuarticEaseIn|QuarticEaseOut|QuarticEaseInOut|QuinticEaseIn|QuinticEaseOut|QuinticEaseInOut|SineEaseIn|SineEaseOut|SineEaseInOut|CircularEaseIn|CircularEaseOut|CircularEaseInOut|ExponentialEaseIn|ExponentialEaseOut|ExponentialEaseInOut|ElasticEaseIn|ElasticEaseOut|ElasticEaseInOut|BackEaseIn|BackEaseOut|BackEaseInOut|BounceEaseIn|BounceEaseOut|BounceEaseInOut|Count)"
  }
}