{
  "ClassName": "CompMoveStars",
  "Mappings": {
    "&.1.1": "to display;Data;GuiNodeData",
    "&.3": "Gain duration (frames);Int;",
    "&.4": "Spend duration (frames);Int;",
    "&.5": "Easing type;Enum;(Once|Hold|Linear|EaseIn|EaseOut|Smooth|QuadraticEaseInOut|CubicEaseIn|CubicEaseOut|CubicEaseInOut|QuarticEaseIn|QuarticEaseOut|QuarticEaseInOut|QuinticEaseIn|QuinticEaseOut|QuinticEaseInOut|SineEaseIn|SineEaseOut|SineEaseInOut|CircularEaseIn|CircularEaseOut|CircularEaseInOut|ExponentialEaseIn|ExponentialEaseOut|ExponentialEaseInOut|ElasticEaseIn|ElasticEaseOut|ElasticEaseInOut|BackEaseIn|BackEaseOut|BackEaseInOut|BounceEaseIn|BounceEaseOut|BounceEaseInOut|Count)",
    "&.6": "Limit;Int;"
  }
}