{
  "ClassName": "CompShowOnEvent",
  "Mappings": {
    "&.1": "UI event type;Enum;(GotHit|DidSpecialMove|BankedLifeRegain|PickupLife|PickupScore|Revive|NewStage|NewBoss|Scripting|Falling|ToxicDamage|ComboBreak|ComboTotalBonus|ComboScore)",
    "&.2": "Display time (frames);Int;",
    "&.3": "GUI value preset;Enum;(CharacterLife|CharacterLifeAbsolute|CharacterMaxLife|MenuTitle|MenuEntryText|CharacterPortrait|CharacterName|Stage|Continues|PlayerBankedLife|SubBarAmount|SubBarMax|SubBarInstanceCount|TweenedCursor|Zero|One|NewStageLife|NewBossLife|WeaponLifeAbsolute|WeaponMaxLife|WeaponName|ScreenTime|CharacterSelectionPortrait|ObjectiveTitle|ObjectiveDescription|ObjectivePrice|ObjectiveSprite|EarnedObjectiveText|MessageBoxText|PlayerInfoStatus|TotalPlayerCount|OnlinePlayerCount|IsOnlinePlayer|IsNotActivePlayer|IsLocalAssignedPlayer|IsLocalNotAssignedPlayer|IsHostSession|IsClientSession|IsOfflineSession|IsJoinScreenPath|LoadingScreenMessage|SurvivalTitle|SurvivalDescription|SurvivalName|SurvivalFloorId|BuildVersionNumber|CharacterSelectionSprite|OptionSelectorText|IsOnlineOverlayVisible|OnlyOnePlayerHasJoin|CharacterNameFromPlayerSlotContextData|PlayerNumberFromPlayerSlotContextData|CharacterBigPortraitFromPlayerSlotContextData|IsCreatingLobby|ShowLoadingRingOnPlayerSlot|CharacterControllerId|SessionType|IsControllerNumberHidden|LeaderboardEntryScore|LeaderboardEntryDisplayName|LeaderboardEntryIsValid|IsCurrentLeaderboardRequestPending|CurrentLeaderboardDisplayName|PlayerScore|ComboHitCount|ComboTotalDamages|LastComboHitCount|LastComboTotalDamages|LastComboLabel|ShowCreateLobby|ShowJoinByPressingA|ShowInvite|PlayerIdIsZero|DisplayPlayer1PressAToStart|OnlineSimulationDebugDisplay|MainPing|ShouldDisplayInGameDebugStrings|DebugText|MenuEntryDebugText|VersusResultText|SubBarType|StageWithNumber|PlayerCharacterPortrait|PlayerLifeBonus|PlayerStarBonus|PlayerRank|StageTime|StageTimeBonus|StageScoreMalus|StageTotalScore|StageRank|PlayerId|RetryBonusId|MenuSubTitle|IsMenuHiddenByPopup|IsModeArcade|IsModeChallenge|IsModeStory|IsModeVersus|MenuTip|XMenuAction|YMenuAction|AMenuAction|BMenuAction|CharacterStamina|CharacterHasStamina|StageName|MenuEntryOption|MenuEntryOptionType|IsYIslandUnlocked|SaveDescription|XpShowBar|XpProgress|XpBonusRank|XpBonusRankId|XpPack|XpPack01Unlock|XpPack02Unlock|XpPack03Unlock|XpPack04Unlock|XpPack05Unlock|StageResultStep|MenuBackground|LeaderboardsFace|LeaderboardsMpId|LeaderboardsRank|LeaderboardsScore|LeaderboardsTime|LeaderboardsUser|LeaderboardsPosition|LeaderboardsEmpty|LeaderboardsNoFriends|LeaderboardsNoAround|NoOnline|IsMultiplayer|IsMaster|FriendlyFire|IsWaitingForInput|CurrentInputButton|IsPadConnected|LobbyOpenSlots|LobbyMode|LobbyDifficulty|LobbyStage|MenuEntryIndex|PlayerJoin|ShowWaitingClient|IsCharacterSelectionValidated|HasPlayerLifeBonusNoDamage|XpBonusChr|XpBonusChrId|XpBonusScore|XpShowProgress|LeaderboardsNoScore|IsRefreshingLeaderboards|PlayerScoreHud1|PlayerScoreHud2|PlayerScoreHud1Zeros|PlayerScoreHud2Zeros|IsDoubleBossBar|DoubleBossSprite|IsDoubleBossLeftDead|IsDoubleBossRightDead|MenuEntrySprite|IsBareKnuckle|CharacterNameStrict|CharacterNameHud|IsMenuEntryHighlighted|FrameRate|HudDisplayMinArrow|HudDisplayPlayerBar|HudDisplayEnemyBar|HudDisplayComboCounter|HudDisplayGoRight|HudDisplayMessages|StageScoreMalusScore|PlayerBaseScore|IsArcadeNotLastStage|HasPlayerNewLife|ShowBestCombo|BestCombo|ShowCommandBuffer|IsModeFreeTrainingPlacement|IsModeTraining|IsModeSurvival|BossCount|SelectedMoveEntryText|SelectedMoveEntryTextExtra|SelectedMoveEntrySprite|HudHidePlayerTag|IsLifeBonusActive|MenuEntrySprite2)",
    "&.4": "Display time added max (frames);Int;",
    "&.5": "Added value at max added time;Int;"
  }
}