{
  "ClassName": "DamageAreaData",
  "Mappings": {
    "&.1.1": "Sprite to use (requires Idle, Begin and End animations);Data;AnimatedSpriteData",
    "&.3": "Duration (frames);Int;",
    "&.6.1": "Density;ScaledInt;",
    "&.7.1": "Toxic damage per frame (if \u003C= 0, hit applied instead, if one exists);ScaledInt;",
    "&.8": "Grow duration (frames, \u003E0);Int;",
    "&.11": "Max idle duration after hit;Int;",
    "&.13.1": "Toxic damage/frame for enemies override (-1 = disabled);ScaledInt;",
    "&.14.1": "Center edge distribution;ScaledInt;",
    "&.16": "Outer scale fall off;Default;",
    "&.17": "Can hurt allies;Boolean;",
    "&.18": "Random end shift duration;Int;",
    "&.19": "Render layer;Enum;(BehindGround|Ground|Pools|Gameplay|Count)"
  }
}