{
  "ClassName": "DecorSprite",
  "Mappings": {
    "&.1.1": "To draw;Data;SpriteData",
    "&.4": "On gameplay plane;Boolean;",
    "&.5": "Is ambience;Boolean;",
    "&.8": "Slope;Default;",
    "&.9": "Is reflection;Boolean;",
    "&.10": "Reflection style;Enum;(Still|Ripples|Interactive|Count)",
    "&.11": "Rotation (degrees);Default;",
    "&.13": "Default animation enabled;Boolean;",
    "&.14": "Is lit;Boolean;",
    "&.17.1": "To draw for reflection;Data;SpriteData",
    "&.19": "Detail type;Enum;(Auto|IsDetail|IsNotDetail)"
  }
}