{
  "ClassName": "DestroyableObjectData",
  "Mappings": {
    "&.1.1": "To be drawn;Data;AnimatedSpriteData",
    "&.2.1": "Durability (Hits, high damage worth more?);ScaledInt;",
    "&.3.1": "Override Z depth;ScaledInt;",
    "&.4": "Draw sorting offset;Default;",
    "&.5": "Destroy animation type;Enum;(BounceAndBlink|Disappear|Stay)",
    "&.6": "Null collision;Default;",
    "&.7.1": "On destruction;Data;FeedbackData",
    "&.8.1": "Spawned on destruction;Data;DamageAreaData",
    "&.9": "No hurtbox;Boolean;",
    "&.10.1": "Spawned on destruction;Data;HazardData",
    "&.12": "One damage per hit;Boolean;",
    "&.13": "Will blow state time (frames);Int;",
    "&.14": "Slope;Default;",
    "&.15.1": "On hit received;Data;FeedbackData",
    "&.16.1": "Spawned on destruction;Data;ProjectileData",
    "&.17.1": "Projectile spawn height;ScaledInt;",
    "&.19.1": "Always display;Data;FeedbackData",
    "&.20": "Name;Data;LocalizationData",
    "&.21": "Destroyed sound event override;Default;",
    "&.22": "Collision zone active when destroyed;Boolean;"
  }
}