{
  "ClassName": "DifficultySetting",
  "Mappings": {
    "&.1": "Starting lives (story);Int;",
    "&.2.1": "AI delay on aggro (s?);ScaledInt;",
    "&.3": "AI aggro limit (per player?);Int;",
    "&.4.1": "AI health multiplier;ScaledInt;",
    "&.5.1": "AI spawn multiplier;ScaledInt;",
    "&.6": "Starting stars;Int;",
    "&.7": "AI reinforcement limit;Int;",
    "&.8": "AI aggression rating (%);Int;",
    "&.9.1": "AI speed buff on aggro;ScaledInt;",
    "&.11.1": "Green HP cost multiplier;ScaledInt;",
    "&.12": "Enable 3-4p AI exceptions (more aggro);Boolean;",
    "&.13": "Starting lives (arcade);Int;",
    "&.14": "S-rank requirement multiplier",
    "&.15": "XP multiplier (for unlocks);Int;",
    "&.16.1": "AI speed multiplier;ScaledInt;",
    "&.17.1": "AI post-aggro cooldown?;ScaledInt;",
    "&.18.1": "AI damage multiplier;ScaledInt;",
    "&.19": "Extra life requirement (story);Int;",
    "&.20": "Extra life requirement (arcade);Int;",
    "&.21": "Enable Conga lines;Boolean;",
    "&.22": "Mode;Default;"
  }
}