{
  "ClassName": "FullScreenEffectData",
  "Mappings": {
    "&.1": "Duration (-1 = permanent);Default;",
    "&.2": "Screen shake distance;Default;",
    "&.3": "Shake style;Enum;(Omni|OmniRampUpDown|Vertical|Horizontal|VerticalBounce|VerticalBounceMore|ForwardBounce|OceanWaves|OmniRampUp)",
    "&.5": "Zoom factor;Default;",
    "&.6.1": "Quake amount;ScaledInt;",
    "&.7": "Is decorative;Boolean;",
    "&.9": "Bright to dark;Boolean;",
    "&.10": "Quake on destroyables;Boolean;",
    "&.11": "Zoom style;Enum;(Constant|ZoomIn|ZoomOut|ZoomInOut|Count)",
    "&.12": "Zoom smoothness;Default;"
  }
}