{
  "ClassName": "FunctionData",
  "Mappings": {
    "&.7.1": "Turn grabbed character by ID;Int;",
    "&.8.1": "Spawner references (by ID, \u0027,\u0027 delimited), all enemies spawned/killed;Default;",
    "&.10.1": "WWise - set music state reference;Default;",
    "&.11": "Transition to next level (when exists);Default;",
    "&.25.1.1": "Check timelines finished (\u0027, \u0027 delimited);Default;",
    "&.33": "Transition to next scene (when exists);Default;",
    "&.36": "[Experimental] Police attack transition out start (when exists);Default;",
    "&.37": "Pop level (when exists, remove last level from the stack?);Default;",
    "&.38.1.1": "Launch cutscene;Data;GuiNodeData",
    "&.41.1.1": "Spawn timeline;Data;LevelObject",
    "&.42": "Finish spawned timeline (when present);Default;",
    "&.43.1.1": "Check destructible destroyed (by spawner ID);Default;",
    "&.47.1.1": "Spawn hazard (by ID);Int;",
    "&.50.1.1": "Set simulation speed factor;Default;",
    "&.52.1.1": "Char force gravity coefficient;ScaledInt;",
    "&.54": "Set boss mode (when exists);Default;",
    "&.55.1.1": "Change character floor height;ScaledInt;",
    "&.56.1": "Set character phase;Int;",
    "&.60.1": "Set character stance;Int;",
    "&.61.1.1": "Char spawn weapon;Data;PickupData",
    "&.64": "WWise - post audio event (null);Default;",
    "&.64.1": "WWise - post audio event;Default;",
    "&.78.1.1": "Set friction coefficient;ScaledInt;",
    "&.79.1.1": "Set stamina regen speed multiplier;ScaledInt;",
    "&.80.1.1": "Force character cinematic walk (X-axis);ScaledInt;",
    "&.81.1": "Player start grid refs (by ID, \u0027,\u0027 delimited?);Default;",
    "&.82.1.1": "End boss (Phase 1), Play feedback?;Data;FeedbackData",
    "&.84": "End boss (Phase 3), Set session = Cinematic;Default;",
    "&.86.1.1": "Set constant force (X axis);ScaledInt;",
    "&.88": "Stop continuous feedbacks (when exists);Default;",
    "&.89": "Char reset dynamic displacement (when exists);Default;",
    "&.91.1": "Set achievement;Default;",
    "&.93.1": "Char enable air grab;Boolean;",
    "&.94": "Reset destroyables (when exists);Default;",
    "&.96.1.1": "Set robot parts feedback;Data;FeedbackData",
    "&.98.1": "Set robot active;Boolean;",
    "&.100.1": "Set emergency teleport;Boolean;",
    "&.101.1.1": "Add life by factor (-1=kill, 0.5=50%, 1=100%. Limit = Max HP);ScaledInt;",
    "&.103": "Spawn training characters (when present, pre-v8?);Default;",
    "&.105": "Set training cleared (when exists);Default;",
    "&.106.1.1": "Char check life;ScaledInt;",
    "&.107.1": "Move select binding;Enum;(None|Blitz|Defensive|Offensive|AirSpecial|Star)",
    "&.109": "Remove all weapons (when present);Default;",
    "&.114.1.1": "Has player character;Data;CharacterData",
    "&.115.1": "Char set auto-destruct timer;Int;",
    "&.116.1.1": "Despawn destroyables (can target LevelGroup);Default;",
    "&.183.1": "CharSetAIActive;Boolean;",
    "&.289.1": "Clear all run keys (when set to 1);Boolean;"
  }
}