{
  "ClassName": "GameplayConfigData",
  "Mappings": {
    "&.2": "Default sleep time before auto-revive;Int;",
    "&.3": "Perspective 3d (1=Softlock);Boolean;",
    "&.4": "Spawn players (in Stage);Boolean;",
    "&.5": "Enable crouch? (DPad Down = invisible);Boolean;",
    "&.6": "Enable hi/low block?;Boolean;",
    "&.8.1": "Gravity (0.019=Normal);ScaledInt;",
    "&.9": "Enable counter (obsolete);Boolean;",
    "&.12": "Collisions between characters;Boolean;",
    "&.14": "Enable block?;Boolean;",
    "&.15": "Enable tech?;Boolean;",
    "&.20.1": "Default hurtbox depth;ScaledInt;",
    "&.21.1": "Default character ellipse depth radius (High value=Glitches);ScaledInt;",
    "&.22.1": "Default hitbox depth;ScaledInt;",
    "&.23.1": "Default detection box depth;ScaledInt;",
    "&.27": "Default friendly fire;Boolean;",
    "&.28": "??? (pre-v8);Default;",
    "&.31.1": "Run start speed;ScaledInt;",
    "&.32.1": "Run acceleration;ScaledInt;",
    "&.34.1": "Character ground friction;ScaledInt;",
    "&.35": "Enable super jump;Boolean;",
    "&.36.1": "Super jump speed;ScaledInt;",
    "&.41.1": "Default juggle force Y;ScaledInt;",
    "&.42.1": "Default ground hit force Y;ScaledInt;",
    "&.44.1": "Character explosion life threshold;ScaledInt;",
    "&.47.1": "Parry extra damage multiplier;ScaledInt;",
    "&.48.1": "Banked life recover factor;ScaledInt;",
    "&.49.1": "Distance for hit Z teleport;ScaledInt;",
    "&.50.1": "Camera acceleration factor;ScaledInt;",
    "&.51.1": "Camera deceleration factor;ScaledInt;",
    "&.56.1": "Back to wall pushback velocity;ScaledInt;",
    "&.57.1": "X bounce force multiplier;ScaledInt;",
    "&.58.1": "X bounce force limit;ScaledInt;",
    "&.59.1": "X land force multiplier;ScaledInt;",
    "&.60.1": "X land force limit;ScaledInt;",
    "&.62.1": "Y bounce force multiplier;ScaledInt;",
    "&.63.1": "Y bounce force limit;ScaledInt;",
    "&.64.1": "X slam force multiplier;ScaledInt;",
    "&.65.1": "X slam force limit;ScaledInt;",
    "&.66": "Always set X force on hit;Default;",
    "&.67": "Trade hits players advantage;Boolean;",
    "&.68.1": "Min air hit interrupt speed X;ScaledInt;",
    "&.70.1": "Player friendly fire damage factor;ScaledInt;",
    "&.71.1": "Camera max speed;ScaledInt;",
    "&.72": "Dead enemies ignore walls;Boolean;",
    "&.73.1": "Default character hurtbox depth when KO in air;ScaledInt;",
    "&.74": "Time to degrab on hold back (frames);Int;",
    "&.75.1": "Fury limit;ScaledInt;",
    "&.76.1": "Fury gained on hit factor;ScaledInt;",
    "&.80.1": "Default juggle speed X (\u003C999 = inactive);ScaledInt;",
    "&.86": "Quick recover window (frames);Int;",
    "&.87": "Quick recover mash prevention window (frames);Int;",
    "&.88": "Quick recover invincibility duration (frames);Int;",
    "&.92.1": "Override back to wall push velocity multiplier;ScaledInt;",
    "&.93.1": "Hit Y force multiplier;ScaledInt;",
    "&.94.1": "Wall bounce min height;ScaledInt;",
    "&.95.1": "Small bounce hurtbox height;ScaledInt;",
    "&.99.1": "Camera max speed acceleration factor;ScaledInt;",
    "&.100": "Fury enabled;Boolean;",
    "&.101.1": "Air KO deceleration X;ScaledInt;",
    "&.102": "Combo expiry timer (frames, 60 = 1s);Int;",
    "&.104": "Vault jump stun duration (frames);Int;",
    "&.105.1": "Camera bottom collision offset;ScaledInt;",
    "&.106.1": "Camera top collission offset;ScaledInt;",
    "&.107": "Max standing hit time before auto-knockdown (frames);Int;",
    "&.108.1": "Stamina regen/frame;ScaledInt;",
    "&.109.1": "Stamina regen/frame in guard;ScaledInt;",
    "&.110.1": "Guard stamina loss reduction (for players);ScaledInt;",
    "&.111.1": "Players fall damage;ScaledInt;",
    "&.112": "Max combo damage for max audio intensity;Default;",
    "&.113": "Remaining life for audio danger;Default;",
    "&.115": "Bonus per extra life;Int;",
    "&.116": "Bonus per remaining HP;Int;",
    "&.117": "Bonus per star;Int;",
    "&.119": "XP gained per score point (used for unlocks);Default;",
    "&.121": "XP bonus for new character/multiplier completions;Int;",
    "&.124": "Extra life requirement (story, pre-v8);Int;",
    "&.125.1": "Quick recover speed X;ScaledInt;",
    "&.126.1": "Camera offset Y;ScaledInt;",
    "&.127.1": "Camera offset min X;ScaledInt;",
    "&.128.1": "Camera offset max X;ScaledInt;",
    "&.129.1": "Camera offset change speed;ScaledInt;",
    "&.130.1": "Camera offset change damping;ScaledInt;",
    "&.131": "Respawn invicibility duration (frames);Int;",
    "&.132": "Parry hit freeze;Int;",
    "&.133": "Parry target hit freeze;Int;",
    "&.135": "Untargetable duration after spawn/standup (frames);Int;",
    "&.137": "Charged attack duration (frames);Int;",
    "&.138": "Min combo damage for audio intensity increase;Default;",
    "&.139.1": "Friendly fire hit depth;ScaledInt;",
    "&.140.1": "Friendly fire max distance X;ScaledInt;",
    "&.141.1": "Default hit depth for players;ScaledInt;",
    "&.142": "Players push each other;Boolean;",
    "&.145": "Bonus for perfect;Int;",
    "&.147": "C rank coefficient;Default;",
    "&.148": "Neutral jump invincibility duration (frames);Int;",
    "&.149.1": "Super armor hitstun multiplier;ScaledInt;",
    "&.150": "Untargetable after hit duration (frames);Int;",
    "&.152": "Wall bounce limit;Int;",
    "&.153": "Decor zone hit bounce limit;Int;",
    "&.156": "Extra life requirement (arcade, pre-v8);Int;",
    "&.157": "??? (pre-v8);Default;",
    "&.158": "Combo can break duration (frames);Int;",
    "&.159": "C rank coefficient sup (wtf?);Default;",
    "&.160": "Input buffering duration (frames);Int;",
    "&.161.1": "Special hitstun break life cost multiplier;ScaledInt;",
    "&.162.1": "Bodyhit hitbox downward extension;ScaledInt;",
    "&.163.1": "Players air hit multiplier;ScaledInt;",
    "&.164": "Spawn static invincible duration (frames);Int;",
    "&.165": "Score for extra continue (training);Int;",
    "&.166.1": "Constant force ground speed;ScaledInt;",
    "&.167.1": "Constant force air acceleration;ScaledInt;",
    "&.169": "Spawn static invincible boss duration (frames);Int;",
    "&.171.1": "Bodyhit force reduction X;ScaledInt;",
    "&.172.1": "Inter-player collision scale factor;ScaledInt;",
    "&.173.1": "Inter-player collision softness;ScaledInt;",
    "&.174.1": "Inter-player collision restitution when not moving;ScaledInt;",
    "&.175": "Eclipse collision visually correct;Boolean;",
    "&.176": "Ally grab maintain button;Enum;(None|MenuUp|MenuDown|MenuLeft|MenuRight|Select|Cancel|Pause|ChangeView|Option1|Option2|TabLeft|TabRight|Jump|Attack|SpecialAttack|PickupThrow|BackAttack|StarMove|ActionCount)",
    "&.177": "Ally grab maintain duration (frames);Int;",
    "&.178.1": "Ally throw gravity coefficient;ScaledInt;",
    "&.179": "Combo level start additional duration (frames);Int;",
    "&.180.1": "Iron Will movespeed buff % (1.0 = 100%);ScaledInt;",
    "&.181.1": "Iron Will damage buff % (1.0 = 100%);ScaledInt;",
    "&.182": "Cannot drop after weapon catch duration (frames);Int;",
    "&.184.1": ";ScaledInt;",
    "&.200.1": ";ScaledInt;",
    "&.201.1": ";ScaledInt;",
    "&.202.1": ";ScaledInt;",
    "&.207.1": ";ScaledInt;",
    "&.208.1": ";ScaledInt;",
    "&.209.1": ";ScaledInt;",
    "&.211.1": ";ScaledInt;",
    "&.212.1": ";ScaledInt;",
    "&.213.1": ";ScaledInt;",
    "&.222.1": ";ScaledInt;",
    "&.230.1": ";ScaledInt;",
    "&.231.1": ";ScaledInt;",
    "&.233.1": ";ScaledInt;",
    "&.235.1": ";ScaledInt;",
    "&.236.1": ";ScaledInt;",
    "&.237.1": ";ScaledInt;",
    "&.239.1": ";ScaledInt;",
    "&.240.1": ";ScaledInt;",
    "&.242.1": ";ScaledInt;",
    "&.245.1": ";ScaledInt;",
    "&.248.1": ";ScaledInt;",
    "&.249.1": ";ScaledInt;",
    "&.251.1": ";ScaledInt;",
    "&.256.1": ";ScaledInt;",
    "&.257.1": ";ScaledInt;",
    "&.258.1": ";ScaledInt;",
    "&.264.1": ";ScaledInt;",
    "&.265.1": ";ScaledInt;",
    "&.266.1": ";ScaledInt;",
    "&.267.1": ";ScaledInt;",
    "&.273.1": ";ScaledInt;",
    "&.274.1": ";ScaledInt;",
    "&.282.1": ";ScaledInt;",
    "&.286.1": ";ScaledInt;",
    "&.296.1": ";ScaledInt;",
    "&.297.1": ";ScaledInt;",
    "&.298.1": ";ScaledInt;",
    "&.301.1": ";ScaledInt;",
    "&.312.1": ";ScaledInt;",
    "&.316.1": ";ScaledInt;",
    "&.317.1": ";ScaledInt;",
    "&.322.1": ";ScaledInt;",
    "&.323.1": ";ScaledInt;",
    "&.327.1": ";ScaledInt;",
    "&.328.1": ";ScaledInt;",
    "&.332.1": ";ScaledInt;",
    "&.333.1": ";ScaledInt;",
    "&.334.1": ";ScaledInt;",
    "&.339.1": ";ScaledInt;",
    "&.340.1": ";ScaledInt;",
    "&.345.1": ";ScaledInt;",
    "&.346.1": ";ScaledInt;",
    "&.347.1": ";ScaledInt;",
    "&.348.1": ";ScaledInt;",
    "&.357.1": ";ScaledInt;"
  }
}