{
  "ClassName": "GlobalAssetsData",
  "Mappings": {
    "&.1.1": "Freeze Starting Effect;Data;FeedbackData",
    "&.2.1": "Freeze Continuous Effect;Data;FeedbackData",
    "&.3.1": "Full Rage Continuous Effect;Data;FeedbackData",
    "&.4.1": "Full Rage Effect;Data;FeedbackData",
    "&.5.1": "Default Menu Gui;Data;GuiNodeData",
    "&.7.1": "Blank Texture;Data;TextureProxy",
    "&.8.1": "Body Hit Feedback;Data;FeedbackData",
    "&.9.1": "Body Hit Fire Feedback;Data;FeedbackData",
    "&.10.1": "Regain Life Feedback;Data;FeedbackData",
    "&.11.1": "Invincible Feedback;Data;FeedbackData",
    "&.12.1": "Regain Banked Life Feedback;Data;FeedbackData",
    "&.13.1": "Regain All Banked Life Feedback;Data;FeedbackData",
    "&.14.1": "Lose Banked Life Feedback;Data;FeedbackData",
    "&.15.1": "Bank Life Feedback;Data;FeedbackData",
    "&.16.1": "No Life For Special Feedback;Data;FeedbackData",
    "&.18.1": "In Game Hud;Data;GuiNodeData",
    "&.19.1": "Jump;Data;FeedbackData",
    "&.20.1": "Trade Hit;Data;FeedbackData",
    "&.21.1": "Parry;Data;FeedbackData",
    "&.22.1": "Land;Data;FeedbackData",
    "&.23.1": "Start From Title Screen;Data;FeedbackData",
    "&.24.1": "Cheat Validated;Data;FeedbackData",
    "&.26.1": "Character Bounce;Data;FeedbackData",
    "&.27.1": "Character Bounce Fat;Data;FeedbackData",
    "&.28.1": "Character Bounce Body Hit;Data;FeedbackData",
    "&.29.1": "Character Bounce Body Hit Fat;Data;FeedbackData",
    "&.30.1": "Character Slammed;Data;FeedbackData",
    "&.31.1": "Character Slammed Fat;Data;FeedbackData",
    "&.32.1": "Character Hit Ground;Data;FeedbackData",
    "&.33.1": "Character Hit Ground Fat;Data;FeedbackData",
    "&.34.1": "Quick Recover;Data;FeedbackData",
    "&.36.1": "Loading Screen Gui;Data;GuiNodeData",
    "&.38.1": "Character Selection Screen Gui;Data;GuiNodeData",
    "&.40.1": "Main Menu Screen Gui;Data;GuiNodeData",
    "&.42.1": "Stage Start Screen Gui;Data;GuiNodeData",
    "&.43.1": "Campaign End Screen Gui;Data;GuiNodeData",
    "&.46.1": "Message Box Screen Gui;Data;GuiNodeData",
    "&.48.1": "Objective Complete Screen Gui;Data;GuiNodeData",
    "&.51.1": "Simple Pause Menu Screen Gui;Data;GuiNodeData",
    "&.52.1": "Player Count Screen Gui;Data;GuiNodeData",
    "&.55.1": "Title Screen Gui;Data;GuiNodeData",
    "&.56.1": "Localization;Data;LocalizationData",
    "&.60.1": "Police Attack Sor 1;Data;AnimatedSpriteData",
    "&.61.1": "Police Attack Hd;Data;AnimatedSpriteData",
    "&.66.1": "Challenge Failed Police Attack Timeline;Data;LevelObject",
    "&.67.1": "Shadow Sprite;Data;AnimatedSpriteData",
    "&.68.1": "Pickup Fx;Data;FeedbackData",
    "&.69.1": "Launched In Air;Data;FeedbackData",
    "&.70.1": "Catch Fx;Data;FeedbackData",
    "&.72.1": "Reinforcement Starting Ai;Data;BtNodeData",
    "&.73.1": "Info Box Gui;Data;GuiNodeData",
    "&.75.1": "Game Over In Game Gui;Data;GuiNodeData",
    "&.77.1": "Menu Change;Data;FeedbackData",
    "&.78.1": "Menu Select;Data;FeedbackData",
    "&.79.1": "Menu Back;Data;FeedbackData",
    "&.80.1": "Menu Pause;Data;FeedbackData",
    "&.81.1": "Weapon Hit Ground;Data;FeedbackData",
    "&.82.1": "Wall Bounce;Data;FeedbackData",
    "&.83": "Core asset sound ref;Default;",
    "&.84.1": "Loading Overlay;Data;GuiNodeData",
    "&.85.1": "Spawn Invincible;Data;FeedbackData",
    "&.86.1": "Grenade Timer;Data;FeedbackData",
    "&.87.1": "Connecting Overlay;Data;GuiNodeData",
    "&.89.1": "Grab Struggle Recover;Data;FeedbackData",
    "&.90.1": "Grab Struggle Recover Between Characters;Data;FeedbackData",
    "&.91.1": "Toxic Character;Data;FeedbackData",
    "&.92.1": "Weapon Almost Broken;Data;FeedbackData",
    "&.93.1": "Maso Hit;Data;FeedbackData",
    "&.94.1": "Gui Debug Text;Data;GuiNodeData",
    "&.95.1": "Gui Button Xb;Data;SpriteData",
    "&.96.1": "Gui Button Xb;Data;SpriteData",
    "&.97.1": "Gui Button Xb;Data;SpriteData",
    "&.98.1": "Gui Button Xb;Data;SpriteData",
    "&.99.1": "Gui Button Xb;Data;SpriteData",
    "&.100.1": "Gui Button Xb;Data;SpriteData",
    "&.101.1": "Gui Button Xb;Data;SpriteData",
    "&.102.1": "Gui Button Xb;Data;SpriteData",
    "&.103.1": "Gui Button Xb Start;Data;SpriteData",
    "&.104.1": "Gui Key Font;Data;MetaFont",
    "&.105.1": "Extra Continue Feedback;Data;FeedbackData",
    "&.106.1": "Gui Button Ns;Data;SpriteData",
    "&.107.1": "Gui Button Ns;Data;SpriteData",
    "&.108.1": "Gui Button Ns;Data;SpriteData",
    "&.109.1": "Gui Button Ns;Data;SpriteData",
    "&.110.1": "Gui Button Ns;Data;SpriteData",
    "&.111.1": "Gui Button Ns;Data;SpriteData",
    "&.112.1": "Gui Button Ns Plus;Data;SpriteData",
    "&.113.1": "Gui Button Ps Cross;Data;SpriteData",
    "&.114.1": "Gui Button Ps Circle;Data;SpriteData",
    "&.115.1": "Gui Button Ps Square;Data;SpriteData",
    "&.116.1": "Gui Button Ps Triangle;Data;SpriteData",
    "&.117.1": "Gui Button Ps 1;Data;SpriteData",
    "&.118.1": "Gui Button Ps 1;Data;SpriteData",
    "&.119.1": "Gui Button Ps 2;Data;SpriteData",
    "&.120.1": "Gui Button Ps 2;Data;SpriteData",
    "&.121.1": "Gui Button Ps Options;Data;SpriteData",
    "&.122.1": "Gui Button Ns;Data;SpriteData",
    "&.123.1": "Gui Button Ns;Data;SpriteData",
    "&.124.1": "Shallow Water Ripple Feedback;Data;FeedbackData",
    "&.125.1": "Shallow Water Ripple Static Feedback;Data;FeedbackData",
    "&.126.1": "Weapon Controlled Feedback;Data;FeedbackData",
    "&.128.1": "Game Over Screen Gui;Data;GuiNodeData",
    "&.129.1": "Gui Main Sub;Data;GuiNodeData",
    "&.130.1": "Gui Main Menu Background;Data;GuiNodeData",
    "&.131.1": "Super Armor Receive Hit Feedback;Data;FeedbackData",
    "&.132.1": "Charged Attack Charged Feedback;Data;FeedbackData",
    "&.133.1": "Gui Video Sub Titles;Data;GuiNodeData",
    "&.134.1": "Gui Adam Unlocked;Data;GuiNodeData",
    "&.135.1": "Grenade Un Pin Feedback;Data;FeedbackData",
    "&.136.1": "Gui Stage Result;Data;GuiNodeData",
    "&.137.1": "Gui Stage Select;Data;GuiNodeData",
    "&.138.1": "Gui Language;Data;GuiNodeData",
    "&.139.1": "Gui Story;Data;GuiNodeData",
    "&.140.1": "Gui Gamma Test;Data;GuiNodeData",
    "&.141.1": "Gui Stage Start Overlay;Data;GuiNodeData",
    "&.142.1": "Gui Leaderboards;Data;GuiNodeData",
    "&.143.1": "Gui Difficulty Popup;Data;GuiNodeData",
    "&.144.1": "Gui Controls Config;Data;GuiNodeData",
    "&.145.1": "Gui Button Left;Data;SpriteData",
    "&.146.1": "Gui Lobby;Data;GuiNodeData",
    "&.147.1": "Gui Lobby Filter;Data;GuiNodeData",
    "&.148.1": "Gui Option Food;Data;GuiNodeData",
    "&.150.1": "Gui Battle;Data;GuiNodeData",
    "&.151.1": "Gui Battle Team;Data;GuiNodeData",
    "&.152.1": "Gui Skip Cutscene;Data;GuiNodeData",
    "&.153.1": "Super Armor Feedback;Data;FeedbackData",
    "&.154.1": "Menu Result Rise;Data;FeedbackData",
    "&.155.1": "Menu Result Step;Data;FeedbackData",
    "&.156.1": "Gui Bio Viewer;Data;GuiNodeData",
    "&.157.1": "Star Sprite;Data;AnimatedSpriteData",
    "&.158.1": "Gui Main Arcade Difficulty;Data;GuiNodeData",
    "&.159.1": "Gui Credits;Data;GuiNodeData",
    "&.160.1": "Gui Art Viewer;Data;GuiNodeData",
    "&.161.1": "Grenade Timer Friend;Data;FeedbackData",
    "&.162.1": "Gui Keyboard Config;Data;GuiNodeData",
    "&.163.1": "Menu Result Rank;Data;FeedbackData",
    "&.164.1": "Menu Result Rank;Data;FeedbackData",
    "&.165.1": "Gui Fps Counter;Data;GuiNodeData",
    "&.166.1": "Hit By Body Hit;Data;FeedbackData",
    "&.167.1": "Bank Life Ex Feedback;Data;FeedbackData",
    "&.168.1": "Pickup Almost Broken Continuous;Data;FeedbackData",
    "&.169.1": "Dead Character;Data;FeedbackData",
    "&.170.1": "Gui Training;Data;GuiNodeData",
    "&.171.1": "Gui Button Up;Data;SpriteData",
    "&.172.1": " Bonus Tv;Data;DestroyableObjectData",
    "&.173.1": "Gui Enemy Select;Data;GuiNodeData",
    "&.174.1": "Gui Button Key;Data;SpriteData",
    "&.176.1": "Weapon Toxic;Data;FeedbackData",
    "&.177.1": "Weapon Thrown Toxic;Data;FeedbackData",
    "&.179.1": "Weapon Fire;Data;FeedbackData",
    "&.180.1": "Weapon Thrown Fire;Data;FeedbackData",
    "&.182.1": "Weapon Electric;Data;FeedbackData",
    "&.183.1": "Weapon Thrown Electric;Data;FeedbackData",
    "&.186.1": "Buff On Fire;Data;FeedbackData",
    "&.187.1": "Gui Dlc Purchase;Data;GuiNodeData",
    "&.188.1": "Gui Survival;Data;GuiNodeData",
    "&.189.1": "Survival Bg;Data;TextureProxy",
    "&.190.1": "Survival Spawn End;Data;FeedbackData",
    "&.191": "Generic sound asset file ref;Default;",
    "&.192.1": "Special Continual Invincible;Data;FeedbackData",
    "&.193.1": "Gui Survival Intro;Data;GuiNodeData",
    "&.194.1": "Gui Button Right;Data;SpriteData",
    "&.195.1": "Gui Button Down;Data;SpriteData",
    "&.196.1": "Gui Survival Results;Data;GuiNodeData",
    "&.198.1": "Gui Survival Unlocks;Data;GuiNodeData",
    "&.199.1": "Bonus Sprites;Data;AnimatedSpriteData",
    "&.200.1": "Gui Checkmark;Data;SpriteData",
    "&.201.1": "Double Boss;Data;FeedbackData",
    "&.203.1": "Survival Warning;Data;GuiNodeData",
    "&.204.1": "Survival Boss Shake;Data;FeedbackData",
    "&.207.1": "Gui Survival New Enemies;Data;GuiNodeData",
    "&.208.1": "Ally Shader;Data;FeedbackData",
    "&.209.1": "Hit Ground After Fall In Hole;Data;FeedbackData",
    "&.210.1": "Gui Button Down Left;Data;SpriteData",
    "&.211.1": "Special Continual Invincible End;Data;FeedbackData",
    "&.212.1": "Food Sprite Small;Data;AnimatedSpriteData",
    "&.213.1": "Food Sprite Big;Data;AnimatedSpriteData",
    "&.215.1": "Gui Pause Menu;Data;GuiNodeData",
    "&.216.1": "Gui Survival Custom;Data;GuiNodeData",
    "&.217.1": "Ally Grab Fx;Data;FeedbackData",
    "&.225.1": "for pickup ground selection;Data;FeedbackData",
    "&.226.1": "for interactable ground selection;Data;FeedbackData",
    "&.229.1": "on level up;Data;FeedbackData",
    "&.230.1": "on guard crush recovery;Data;FeedbackData",
    "&.235.1": "for skill scroll;Data;AnimatedSpriteData",
    "&.237.1": "for pickup hub gold conversion (selling?);Data;FeedbackData",
    "&.241.1": "on stamina empty;Data;FeedbackData",
    "&.245.1": "on critical hit;Data;FeedbackData",
    "&.247.1": "for inventory gold;Data;PickupData",
    "&.250.1": "on parried hit;Data;FeedbackData",
    "&.255.1": "on mana gained;Data;FeedbackData",
    "&.257.1": "for remnant character;Data;FeedbackData",
    "&.259.1": "for light block;Data;FeedbackData",
    "&.260.1": "on guard crush;Data;FeedbackData",
    "&.261.1": "for armor;Data;FeedbackData",
    "&.263.1": "to play on hitstun;Data;AnimatedSpriteData",
    "&.268.1": "on guard cancelled;Data;FeedbackData",
    "&.269.1": "for level reward;Data;ActivableData",
    "&.270.1": "on clash;Data;FeedbackData",
    "&.271.1": "on overpressure;Data;FeedbackData",
    "&.272.1": "for proximity spark;Data;FeedbackData",
    "&.274.1": "for boss level reward;Data;ActivableData",
    "&.279.1": "for clash parry;Data;FeedbackData",
    "&.280.1": "for hit mana break;Data;FeedbackData",
    "&.289.1": "for level reward (root);Data;ActivableData",
    "&.294.1": "on fire burn triggered;Data;FeedbackData",
    "&.295.1": "for splash bubble;Data;FeedbackData",
    "&.299.1": "for floating wind;Data;FeedbackData",
    "&.300.1": "for sonic boom charge gained;Data;FeedbackData",
    "&.305.1": "on punish;Data;FeedbackData",
    "&.306.1": "on time unstable;Data;FeedbackData",
    "&.307.1": "on time lock;Data;FeedbackData",
    "&.308.1": "on time lock end;Data;FeedbackData",
    "&.309.1": "on time lock cooldown;Data;FeedbackData",
    "&.310.1": "on burst;Data;FeedbackData",
    "&.311.1": "on heavy warrior block;Data;FeedbackData",
    "&.312.1": "on evade;Data;FeedbackData",
    "&.313.1": "on time lock hit;Data;FeedbackData",
    "&.316.1": "on remnant character sidestep evade;Data;FeedbackData",
    "&.318.1": "on sonic boom discharge;Data;FeedbackData",
    "&.319.1": "on rift spawn;Data;FeedbackData",
    "&.320.1": "on rift spawn character;Data;FeedbackData",
    "&.322.1": "for gold trail;Data;FeedbackData",
    "&.324.1": "on bank over;Data;FeedbackData",
    "&.325.1": "for firecamp fire;Data;FeedbackData",
    "&.328.1": "on boss final hit;Data;FeedbackData",
    "&.331.1": "for large splash bubble;Data;FeedbackData",
    "&.332.1": "on water rupture;Data;FeedbackData",
    "&.333.1": "on water impact;Data;FeedbackData",
    "&.334.1": "for fast boss death scream;Data;FeedbackData",
    "&.335.1": "on bone armor ended;Data;FeedbackData",
    "&.337.1": "for level reward talent;Data;ActivableData",
    "&.338.1": "for level reward small;Data;ActivableData",
    "&.343.1": "on big gold spawn;Data;FeedbackData",
    "&.344.1": "on big gold pickup;Data;FeedbackData",
    "&.345.1": "for level reward talent (again?);Data;ActivableData",
    "&.346.1": "on meta shop unlock;Data;FeedbackData",
    "&.348.1": "for time remnant proto;Data;FeedbackData",
    "&.349.1": "on life detox;Data;FeedbackData",
    "&.350.1": "for height based damage;Data;FeedbackData",
    "&.351.1": "for revive;Data;FeedbackData",
    "&.352.1": "for revive token;Data;FeedbackData",
    "&.353.1": "for massive splash bubble;Data;FeedbackData",
    "&.354.1": "for blade fury;Data;FeedbackData",
    "&.355.1": "on projectile clash;Data;FeedbackData",
    "&.356.1": "for time remnant astral proto;Data;FeedbackData",
    "&.357.1": "on overpressure;Data;FeedbackData",
    "&.362.1": "on last kill;Data;FeedbackData",
    "&.363.1": "for deep water splash;Data;FeedbackData"
  }
}