{
  "ClassName": "GuiComponent",
  "Mappings": {
    "&.1.1": "Text = GUI value preset;Enum;(CharacterLife|CharacterLifeAbsolute|CharacterMaxLife|MenuTitle|MenuEntryText|CharacterPortrait|CharacterName|Stage|Continues|PlayerBankedLife|SubBarAmount|SubBarMax|SubBarInstanceCount|TweenedCursor|Zero|One|NewStageLife|NewBossLife|WeaponLifeAbsolute|WeaponMaxLife|WeaponName|ScreenTime|CharacterSelectionPortrait|ObjectiveTitle|ObjectiveDescription|ObjectivePrice|ObjectiveSprite|EarnedObjectiveText|MessageBoxText|PlayerInfoStatus|TotalPlayerCount|OnlinePlayerCount|IsOnlinePlayer|IsNotActivePlayer|IsLocalAssignedPlayer|IsLocalNotAssignedPlayer|IsHostSession|IsClientSession|IsOfflineSession|IsJoinScreenPath|LoadingScreenMessage|SurvivalTitle|SurvivalDescription|SurvivalName|SurvivalFloorId|BuildVersionNumber|CharacterSelectionSprite|OptionSelectorText|IsOnlineOverlayVisible|OnlyOnePlayerHasJoin|CharacterNameFromPlayerSlotContextData|PlayerNumberFromPlayerSlotContextData|CharacterBigPortraitFromPlayerSlotContextData|IsCreatingLobby|ShowLoadingRingOnPlayerSlot|CharacterControllerId|SessionType|IsControllerNumberHidden|LeaderboardEntryScore|LeaderboardEntryDisplayName|LeaderboardEntryIsValid|IsCurrentLeaderboardRequestPending|CurrentLeaderboardDisplayName|PlayerScore|ComboHitCount|ComboTotalDamages|LastComboHitCount|LastComboTotalDamages|LastComboLabel|ShowCreateLobby|ShowJoinByPressingA|ShowInvite|PlayerIdIsZero|DisplayPlayer1PressAToStart|OnlineSimulationDebugDisplay|MainPing|ShouldDisplayInGameDebugStrings|DebugText|MenuEntryDebugText|VersusResultText|SubBarType|StageWithNumber|PlayerCharacterPortrait|PlayerLifeBonus|PlayerStarBonus|PlayerRank|StageTime|StageTimeBonus|StageScoreMalus|StageTotalScore|StageRank|PlayerId|RetryBonusId|MenuSubTitle|IsMenuHiddenByPopup|IsModeArcade|IsModeChallenge|IsModeStory|IsModeVersus|MenuTip|XMenuAction|YMenuAction|AMenuAction|BMenuAction|CharacterStamina|CharacterHasStamina|StageName|MenuEntryOption|MenuEntryOptionType|IsYIslandUnlocked|SaveDescription|XpShowBar|XpProgress|XpBonusRank|XpBonusRankId|XpPack|XpPack01Unlock|XpPack02Unlock|XpPack03Unlock|XpPack04Unlock|XpPack05Unlock|StageResultStep|MenuBackground|LeaderboardsFace|LeaderboardsMpId|LeaderboardsRank|LeaderboardsScore|LeaderboardsTime|LeaderboardsUser|LeaderboardsPosition|LeaderboardsEmpty|LeaderboardsNoFriends|LeaderboardsNoAround|NoOnline|IsMultiplayer|IsMaster|FriendlyFire|IsWaitingForInput|CurrentInputButton|IsPadConnected|LobbyOpenSlots|LobbyMode|LobbyDifficulty|LobbyStage|MenuEntryIndex|PlayerJoin|ShowWaitingClient|IsCharacterSelectionValidated|HasPlayerLifeBonusNoDamage|XpBonusChr|XpBonusChrId|XpBonusScore|XpShowProgress|LeaderboardsNoScore|IsRefreshingLeaderboards|PlayerScoreHud1|PlayerScoreHud2|PlayerScoreHud1Zeros|PlayerScoreHud2Zeros|IsDoubleBossBar|DoubleBossSprite|IsDoubleBossLeftDead|IsDoubleBossRightDead|MenuEntrySprite|IsBareKnuckle|CharacterNameStrict|CharacterNameHud|IsMenuEntryHighlighted|FrameRate|HudDisplayMinArrow|HudDisplayPlayerBar|HudDisplayEnemyBar|HudDisplayComboCounter|HudDisplayGoRight|HudDisplayMessages|StageScoreMalusScore|PlayerBaseScore|IsArcadeNotLastStage|HasPlayerNewLife|ShowBestCombo|BestCombo|ShowCommandBuffer|IsModeFreeTrainingPlacement|IsModeTraining|IsModeSurvival|BossCount|SelectedMoveEntryText|SelectedMoveEntryTextExtra|SelectedMoveEntrySprite|HudHidePlayerTag|IsLifeBonusActive|MenuEntrySprite2)",
    "&.5.1.1": "Stretched sprite reference;Data;SpriteData",
    "&.7.1": "Player number (hide if not selected);Int;",
    "&.8.1": "Sprite = GUI value preset;Enum;(CharacterLife|CharacterLifeAbsolute|CharacterMaxLife|MenuTitle|MenuEntryText|CharacterPortrait|CharacterName|Stage|Continues|PlayerBankedLife|SubBarAmount|SubBarMax|SubBarInstanceCount|TweenedCursor|Zero|One|NewStageLife|NewBossLife|WeaponLifeAbsolute|WeaponMaxLife|WeaponName|ScreenTime|CharacterSelectionPortrait|ObjectiveTitle|ObjectiveDescription|ObjectivePrice|ObjectiveSprite|EarnedObjectiveText|MessageBoxText|PlayerInfoStatus|TotalPlayerCount|OnlinePlayerCount|IsOnlinePlayer|IsNotActivePlayer|IsLocalAssignedPlayer|IsLocalNotAssignedPlayer|IsHostSession|IsClientSession|IsOfflineSession|IsJoinScreenPath|LoadingScreenMessage|SurvivalTitle|SurvivalDescription|SurvivalName|SurvivalFloorId|BuildVersionNumber|CharacterSelectionSprite|OptionSelectorText|IsOnlineOverlayVisible|OnlyOnePlayerHasJoin|CharacterNameFromPlayerSlotContextData|PlayerNumberFromPlayerSlotContextData|CharacterBigPortraitFromPlayerSlotContextData|IsCreatingLobby|ShowLoadingRingOnPlayerSlot|CharacterControllerId|SessionType|IsControllerNumberHidden|LeaderboardEntryScore|LeaderboardEntryDisplayName|LeaderboardEntryIsValid|IsCurrentLeaderboardRequestPending|CurrentLeaderboardDisplayName|PlayerScore|ComboHitCount|ComboTotalDamages|LastComboHitCount|LastComboTotalDamages|LastComboLabel|ShowCreateLobby|ShowJoinByPressingA|ShowInvite|PlayerIdIsZero|DisplayPlayer1PressAToStart|OnlineSimulationDebugDisplay|MainPing|ShouldDisplayInGameDebugStrings|DebugText|MenuEntryDebugText|VersusResultText|SubBarType|StageWithNumber|PlayerCharacterPortrait|PlayerLifeBonus|PlayerStarBonus|PlayerRank|StageTime|StageTimeBonus|StageScoreMalus|StageTotalScore|StageRank|PlayerId|RetryBonusId|MenuSubTitle|IsMenuHiddenByPopup|IsModeArcade|IsModeChallenge|IsModeStory|IsModeVersus|MenuTip|XMenuAction|YMenuAction|AMenuAction|BMenuAction|CharacterStamina|CharacterHasStamina|StageName|MenuEntryOption|MenuEntryOptionType|IsYIslandUnlocked|SaveDescription|XpShowBar|XpProgress|XpBonusRank|XpBonusRankId|XpPack|XpPack01Unlock|XpPack02Unlock|XpPack03Unlock|XpPack04Unlock|XpPack05Unlock|StageResultStep|MenuBackground|LeaderboardsFace|LeaderboardsMpId|LeaderboardsRank|LeaderboardsScore|LeaderboardsTime|LeaderboardsUser|LeaderboardsPosition|LeaderboardsEmpty|LeaderboardsNoFriends|LeaderboardsNoAround|NoOnline|IsMultiplayer|IsMaster|FriendlyFire|IsWaitingForInput|CurrentInputButton|IsPadConnected|LobbyOpenSlots|LobbyMode|LobbyDifficulty|LobbyStage|MenuEntryIndex|PlayerJoin|ShowWaitingClient|IsCharacterSelectionValidated|HasPlayerLifeBonusNoDamage|XpBonusChr|XpBonusChrId|XpBonusScore|XpShowProgress|LeaderboardsNoScore|IsRefreshingLeaderboards|PlayerScoreHud1|PlayerScoreHud2|PlayerScoreHud1Zeros|PlayerScoreHud2Zeros|IsDoubleBossBar|DoubleBossSprite|IsDoubleBossLeftDead|IsDoubleBossRightDead|MenuEntrySprite|IsBareKnuckle|CharacterNameStrict|CharacterNameHud|IsMenuEntryHighlighted|FrameRate|HudDisplayMinArrow|HudDisplayPlayerBar|HudDisplayEnemyBar|HudDisplayComboCounter|HudDisplayGoRight|HudDisplayMessages|StageScoreMalusScore|PlayerBaseScore|IsArcadeNotLastStage|HasPlayerNewLife|ShowBestCombo|BestCombo|ShowCommandBuffer|IsModeFreeTrainingPlacement|IsModeTraining|IsModeSurvival|BossCount|SelectedMoveEntryText|SelectedMoveEntryTextExtra|SelectedMoveEntrySprite|HudHidePlayerTag|IsLifeBonusActive|MenuEntrySprite2)",
    "&.10": "Set last character being hit (when present);Default;",
    "&.11.1": "GUI hide if data;Enum;(Always|Never|DemoMode|NoGoRight|NoWeapon|NoTrainWarningNear|NoTrainWarningFar|NoTrainWarningHigh|NoDemoMode|Count)",
    "&.22.1.1": "to display;Data;GuiNodeData",
    "&.31.1": "Player number (hide if not validated, -1 = any);Int;",
    "&.53.1": "Player slot context;Int;",
    "&.62": "Gui Y-offset to playfield (when exists);Default;",
    "&.65.1": "Names of UI elements (to check for);Default;",
    "&.78": "ForceTextLanguage (when exists?);Default;",
    "&.80.1": "\u0027Set\u0027 button (GUI value preset);Enum;(CharacterLife|CharacterLifeAbsolute|CharacterMaxLife|MenuTitle|MenuEntryText|CharacterPortrait|CharacterName|Stage|Continues|PlayerBankedLife|SubBarAmount|SubBarMax|SubBarInstanceCount|TweenedCursor|Zero|One|NewStageLife|NewBossLife|WeaponLifeAbsolute|WeaponMaxLife|WeaponName|ScreenTime|CharacterSelectionPortrait|ObjectiveTitle|ObjectiveDescription|ObjectivePrice|ObjectiveSprite|EarnedObjectiveText|MessageBoxText|PlayerInfoStatus|TotalPlayerCount|OnlinePlayerCount|IsOnlinePlayer|IsNotActivePlayer|IsLocalAssignedPlayer|IsLocalNotAssignedPlayer|IsHostSession|IsClientSession|IsOfflineSession|IsJoinScreenPath|LoadingScreenMessage|SurvivalTitle|SurvivalDescription|SurvivalName|SurvivalFloorId|BuildVersionNumber|CharacterSelectionSprite|OptionSelectorText|IsOnlineOverlayVisible|OnlyOnePlayerHasJoin|CharacterNameFromPlayerSlotContextData|PlayerNumberFromPlayerSlotContextData|CharacterBigPortraitFromPlayerSlotContextData|IsCreatingLobby|ShowLoadingRingOnPlayerSlot|CharacterControllerId|SessionType|IsControllerNumberHidden|LeaderboardEntryScore|LeaderboardEntryDisplayName|LeaderboardEntryIsValid|IsCurrentLeaderboardRequestPending|CurrentLeaderboardDisplayName|PlayerScore|ComboHitCount|ComboTotalDamages|LastComboHitCount|LastComboTotalDamages|LastComboLabel|ShowCreateLobby|ShowJoinByPressingA|ShowInvite|PlayerIdIsZero|DisplayPlayer1PressAToStart|OnlineSimulationDebugDisplay|MainPing|ShouldDisplayInGameDebugStrings|DebugText|MenuEntryDebugText|VersusResultText|SubBarType|StageWithNumber|PlayerCharacterPortrait|PlayerLifeBonus|PlayerStarBonus|PlayerRank|StageTime|StageTimeBonus|StageScoreMalus|StageTotalScore|StageRank|PlayerId|RetryBonusId|MenuSubTitle|IsMenuHiddenByPopup|IsModeArcade|IsModeChallenge|IsModeStory|IsModeVersus|MenuTip|XMenuAction|YMenuAction|AMenuAction|BMenuAction|CharacterStamina|CharacterHasStamina|StageName|MenuEntryOption|MenuEntryOptionType|IsYIslandUnlocked|SaveDescription|XpShowBar|XpProgress|XpBonusRank|XpBonusRankId|XpPack|XpPack01Unlock|XpPack02Unlock|XpPack03Unlock|XpPack04Unlock|XpPack05Unlock|StageResultStep|MenuBackground|LeaderboardsFace|LeaderboardsMpId|LeaderboardsRank|LeaderboardsScore|LeaderboardsTime|LeaderboardsUser|LeaderboardsPosition|LeaderboardsEmpty|LeaderboardsNoFriends|LeaderboardsNoAround|NoOnline|IsMultiplayer|IsMaster|FriendlyFire|IsWaitingForInput|CurrentInputButton|IsPadConnected|LobbyOpenSlots|LobbyMode|LobbyDifficulty|LobbyStage|MenuEntryIndex|PlayerJoin|ShowWaitingClient|IsCharacterSelectionValidated|HasPlayerLifeBonusNoDamage|XpBonusChr|XpBonusChrId|XpBonusScore|XpShowProgress|LeaderboardsNoScore|IsRefreshingLeaderboards|PlayerScoreHud1|PlayerScoreHud2|PlayerScoreHud1Zeros|PlayerScoreHud2Zeros|IsDoubleBossBar|DoubleBossSprite|IsDoubleBossLeftDead|IsDoubleBossRightDead|MenuEntrySprite|IsBareKnuckle|CharacterNameStrict|CharacterNameHud|IsMenuEntryHighlighted|FrameRate|HudDisplayMinArrow|HudDisplayPlayerBar|HudDisplayEnemyBar|HudDisplayComboCounter|HudDisplayGoRight|HudDisplayMessages|StageScoreMalusScore|PlayerBaseScore|IsArcadeNotLastStage|HasPlayerNewLife|ShowBestCombo|BestCombo|ShowCommandBuffer|IsModeFreeTrainingPlacement|IsModeTraining|IsModeSurvival|BossCount|SelectedMoveEntryText|SelectedMoveEntryTextExtra|SelectedMoveEntrySprite|HudHidePlayerTag|IsLifeBonusActive|MenuEntrySprite2)",
    "&.82.1": "Controller ID;Int;",
    "&.83": "Set button from menu entry (when exists);Default;",
    "&.85.1": "Scale in 4P;Default;",
    "&.86": "Flip GUI on X-axis (when exists);Default;",
    "&.87.1": "Boss ID;Enum;(Left|Right)",
    "&.88": "Multitext (when exists);Default;",
    "&.91": "Set color to best combo (when exists);Default;",
    "&.93": "Set menu entry to sub-menu entry (when exists);Default;"
  }
}