{
  "ClassName": "HazardData",
  "Mappings": {
    "&.1.1": "To be drawn;Data;AnimatedSpriteData",
    "&.2": "Despawn after first hit (not needed if swapping for destroyable);Boolean;",
    "&.3.1": " version of hazard (mainly for car);Data;DestroyableObjectData",
    "&.4.1": "AnimatedSprite.Animation reference;String;",
    "&.5": "Hit cooldown time (frames);Int;",
    "&.6": "Use HitZone for hit;Boolean;",
    "&.7": "Null HitZone;Default;",
    "&.8": "Slope (for sorting);Default;",
    "&.10.1": "Always display;Data;FeedbackData",
    "&.11": "No slope on idle;Boolean;",
    "&.12": "Null CollisionZone;Default;",
    "&.13": "Null ConveyorZone;Default;",
    "&.14": "Render layer type;Enum;(BehindGround|Ground|Pools|Gameplay|Count)",
    "&.15.1": "for back sprite (e.g. tube distributor destroyable, in between sprites);Data;AnimatedSpriteData"
  }
}