{
  "ClassName": "Hit",
  "Mappings": {
    "&.1.1": "Damage (base);ScaledInt;",
    "&.2.1": "X-force, grounded;ScaledInt;",
    "&.3.1": "Y-force, grounded;ScaledInt;",
    "&.4": "Hitstop (frames);Int;",
    "&.5": "Hitstun, grounded (frames);Int;",
    "&.6": "Target\u0027s hit receipt animation;Enum;(High|Middle|AirHit360|Electrified|GroundHit)",
    "&.7": "Target land animation count;Int;",
    "&.9": "Flip target, on launch;Boolean;",
    "&.10": "Allow multi-hit;Boolean;",
    "&.11": "Collision limit (requires sub-Hit);Int;",
    "&.13": "Push targets away;Boolean;",
    "&.15.1": "Y-force, aerial;ScaledInt;",
    "&.16": "Recover green HP;Boolean;",
    "&.17": "Ground bounce count;Int;",
    "&.18.1": "Override back to wall pushback velocity;ScaledInt;",
    "&.19": "Allow friendly fire;Boolean;",
    "&.20.1": "X-force, aerial;ScaledInt;",
    "&.21.1": "On hit;Data;FeedbackData",
    "&.23.1": "Stamina modifier (requires test);ScaledInt;",
    "&.24.1": "Z-depth (override hitbox half depth);ScaledInt;",
    "&.28": "Recovery (frames);Int;",
    "&.30": "Particles rotation;Default;",
    "&.31": "Auto-knockdown stunned target (Bool as Enum);Enum;(Reset hit limit|Knockdown on exceed hit limit)",
    "&.32.1": "Gravity;ScaledInt;",
    "&.33.1": "Hitbox Z-offset;ScaledInt;",
    "&.34.1": "Weapon durability loss on hit;ScaledInt;",
    "&.35": "Ignore weight;Boolean;",
    "&.36": "Can hit grabbed characters;Boolean;",
    "&.37": "Ignores target(s) I-frames;Boolean;",
    "&.38": "Can friendly fire? (character select setting);Boolean;",
    "&.39": "Grab to move (Character.Move);Default;",
    "&.40": "Pickup.WeaponConfig.Hit reference (by index);Int;",
    "&.41": "Knockdown, on launch;Boolean;",
    "&.42": "Weapon modifies hitbox;Boolean;",
    "&.43.1": "Override damage (to player). If \u003C 0, use Damage (base);ScaledInt;",
    "&.44": "Enable Y-force;Boolean;",
    "&.45": "Grab to move, teleport to ground?;Boolean;",
    "&.46": "Grab to move, teleport target character?;Boolean;",
    "&.47": "Makes target temp invincible to projectiles;Boolean;",
    "&.51": "Allow OTG;Boolean;",
    "&.52.1": "Feedback during grab to move;Data;FeedbackData",
    "&.53": "Prevents landing tech-outs (1 = true, \u003E1 = unknown);Int;",
    "&.54": "Sound on collision (overrides Feedback on collision sound);Default;",
    "&.56": "Reduced juggle damage (by air hit multiplier);Boolean;",
    "&.57": "Grab to move, air grab teleport to ground?;Boolean;",
    "&.58": "Grab to move, back override (Character.Move);Default;",
    "&.59": "Allow anti-air;Boolean;",
    "&.60": "Grab to move, reset speed?;Boolean;",
    "&.61": "Grab to move, when super armor can be grabbed? (wtf?);Boolean;",
    "&.62.1": "Y-force vs. target in aerial move (-999 = use Y-force, grounded);ScaledInt;",
    "&.63": "Can be parried;Boolean;",
    "&.65": "Triggers arcade entry;Boolean;",
    "&.66": "Can hit destroyables;Boolean;",
    "&.67": "Destroy weapon on hit at 0 durability;Boolean;",
    "&.68.1": "Weapon damage multiplier;ScaledInt;",
    "&.83.1": ";ScaledInt;",
    "&.97": "Can clash;Boolean;",
    "&.98.1": ";ScaledInt;",
    "&.100.1": ";ScaledInt;",
    "&.105.1": ";ScaledInt;",
    "&.106.1": ";ScaledInt;",
    "&.110.1": ";ScaledInt;",
    "&.123.1": ";ScaledInt;"
  }
}