{
  "ClassName": "JumpOrMove",
  "Mappings": {
    "&.1.1": "X speed limit;ScaledInt;",
    "&.4": "Invincible;Default;",
    "&.5.1": "Feedback on action;Data;FeedbackData",
    "&.6.1": "Walk speed factor (\u003C= 0 = jump);ScaledInt;",
    "&.7": "Align depth with target;Boolean;",
    "&.10": "Use screen corners instead of AI positions;Boolean;",
    "&.11": "Invalidate target for other AI duration;Int;",
    "&.12": "Sorting method;Enum;(Random|ClosestX|FarthestX|ClosestY|FarthestY)",
    "&.13.1": "Min X distance from screen side;ScaledInt;"
  }
}