{
  "ClassName": "Keyframe",
  "Mappings": {
    "&.1": "Time (frames?);Int;",
    "&.2": "Curve key type;Enum;(Once|Hold|Linear|EaseIn|EaseOut|Smooth|QuadraticEaseInOut|CubicEaseIn|CubicEaseOut|CubicEaseInOut|QuarticEaseIn|QuarticEaseOut|QuarticEaseInOut|QuinticEaseIn|QuinticEaseOut|QuinticEaseInOut|SineEaseIn|SineEaseOut|SineEaseInOut|CircularEaseIn|CircularEaseOut|CircularEaseInOut|ExponentialEaseIn|ExponentialEaseOut|ExponentialEaseInOut|ElasticEaseIn|ElasticEaseOut|ElasticEaseInOut|BackEaseIn|BackEaseOut|BackEaseInOut|BounceEaseIn|BounceEaseOut|BounceEaseInOut|Count)",
    "&.5": "Shake screen once (when present);Default;"
  }
}