{
  "ClassName": "LevelData",
  "Mappings": {
    "&.1.1": "DecorData reference;Data;DecorData",
    "&.3": "WWise - music state reference;Default;",
    "&.4.1": "Police attack level ref;Data;LevelData",
    "&.5.1.1": ";ScaledInt;",
    "&.6": "Police attack position ID;Int;",
    "&.9": "Bonus stage;Boolean;",
    "&.11": "Enable teams;Boolean;",
    "&.12": "Delay before \u0022Stage Start\u0022 display (secs, -1 = skip);Default;",
    "&.13": "Music bank after bonus ends?;Default;",
    "&.14": "Disable fade (for last level transition to credits);Boolean;",
    "&.17": "Prevent sleep instead of dying;Boolean;",
    "&.18": "Disable camera collision (for players);Boolean;",
    "&.19.1": "Override X-axis camera offset (min);ScaledInt;",
    "&.20.1": "Override X-axis camera offset (max);ScaledInt;",
    "&.21.1": "Camera start offset factor;ScaledInt;"
  }
}