{
  "ClassName": "Link",
  "Mappings": {
    "&.1": "Character.Move ref;Default;",
    "&.2": "Condition;Enum;(None|PressX|PressY|PressB|FuryX|FuryY|FuryB|FuryAny|ForwardDash|BackDash|Parry|Taunt|GrabFront|GrabBack|HoldOnlyForward|Always|GrabContinue|PressA|HoldBack|AiTargetInDetector|SecondVaultOrPressA|GrabFrontOrBack|StarMove|HitWall|HitWallStrict|GrabAirFront|GrabAirBack|GrabAirFrontOrBack|HoldAndReleaseX|TouchEnemy|DepthDashUp|DepthDashDown)",
    "&.3": "Command;Enum;(None|HoldForward|TapForward|ForwardForward|HoldDown|DownDown|Hadoken|Up|Backward|DiagonalUp|DiagonalDown|BackwardDiagonalUp|BackwardDiagonalDown|AiSpecialJump|AiSpecialJumpForward|AiSpecialJumpBackward|AllyThrown)",
    "&.4.1": "Window open (frame);ScaledInt;",
    "&.5.1": "Window close (frame);ScaledInt;",
    "&.6": "Requires hit confirm;Boolean;",
    "&.7": "Min grab move count;Int;",
    "&.9": "Allow reversals;Boolean;",
    "&.10.1": "Jump height;ScaledInt;",
    "&.11": "Required grab target type;Enum;(None|Heavy|Ally)",
    "&.12": "AI phase compare mode;Enum;(None|Greater|Lesser|GreaterOrEqual|LesserOrEqual|NotEqual)",
    "&.13": "AI phase ID;Int;"
  }
}