{
  "ClassName": "MetaGameConfigData",
  "Mappings": {
    "&.61": "Demo mode;Boolean;",
    "&.77.1": "GlobalAssetsData ref;Default;",
    "&.78.1": "SpriteDrawerData ref;String;",
    "&.79.1": "GameplayConfigData ref;Default;",
    "&.86.1": "GraphicsConfigData ref;Default;",
    "&.98": "Enable 3-4p online (appears to be incomplete feature);Boolean;",
    "&.107": "Online enabled;Boolean;",
    "&.110.1": "ExtraScreenData ref;Default;",
    "&.115.1": "Free training stage;Data;LevelData",
    "&.116.1": "SurvivalConfigData ref;Default;",
    "&.121.1": "Tutorial ref;Data;LevelData",
    "&.122.1": "StartingHub ref;Data;LevelData"
  }
}