{
  "ClassName": "Move",
  "Mappings": {
    "&.1": "Name",
    "&.2": "Condition;Enum;(None|PressX|PressY|PressB|FuryX|FuryY|FuryB|FuryAny|ForwardDash|BackDash|Parry|Taunt|GrabFront|GrabBack|HoldOnlyForward|Always|GrabContinue|PressA|HoldBack|AiTargetInDetector|SecondVaultOrPressA|GrabFrontOrBack|StarMove|HitWall|HitWallStrict|GrabAirFront|GrabAirBack|GrabAirFrontOrBack|HoldAndReleaseX|TouchEnemy|DepthDashUp|DepthDashDown)",
    "&.3": "Required stance;Enum;(StandOrCrouch|Air|Stand|Crouch|AirVertical)",
    "&.4": "Command;Enum;(None|HoldForward|TapForward|ForwardForward|HoldDown|DownDown|Hadoken|Up|Backward|DiagonalUp|DiagonalDown|BackwardDiagonalUp|BackwardDiagonalDown|AiSpecialJump|AiSpecialJumpForward|AiSpecialJumpBackward|AllyThrown)",
    "&.5": "Override AnimatedSprite.Animation (When not set, use move name);Default;",
    "&.5.1": "Override AnimatedSprite.Animation (When not set, use move name);Default;",
    "&.8": "AI weight (higher = more likely to use?);Int;",
    "&.9.1": "Feedback before last hit;Data;FeedbackData",
    "&.12": "Continue upon landing;Boolean;",
    "&.13": "Move upon landing;Default;",
    "&.14": "Linkable after any hit;Boolean;",
    "&.15": "Uninterruptable;Boolean;",
    "&.16": "Can link into self;Boolean;",
    "&.18.1": "Feedback after last hit;Data;FeedbackData",
    "&.19": "Super armor type (I=Invincible, U=Ultra);Enum;(None|BeforeFirstHit|WholeMove|I-BeforeFirstHit|I-WholeMove|UI-BeforeFirstHit|UI-WholeMove|NoStaminaEffectOrDamage-WholeMove)",
    "&.20.1": "Cancel window open, basic moves (frames);ScaledInt;",
    "&.21.1": "Green HP cost;ScaledInt;",
    "&.22": "Weapon requirement (when missing for weapon, game uses next available);Enum;(None|Pipe|Bat|Katana|Knife|Vial|Taser|ButcherKnife|Halberd|Tonfa|Umbrella|Trident|Ignore)",
    "&.22.1": "Required weapon (enumerated)",
    "&.23": "Always considered to hit;Boolean;",
    "&.24": "Blocked by holes;Boolean;",
    "&.25": "Grabs target (makes move blocked by holes);Boolean;",
    "&.26.1": "Fury cost (0: none, 1: all);ScaledInt;",
    "&.27": "Is Fury (Star move), can interrupt any non-fury move;Boolean;",
    "&.28.1": "X targeting range;ScaledInt;",
    "&.29": "AI wait before attack random duration (frames);Int;",
    "&.30.1": "Z targeting range;ScaledInt;",
    "&.31": "Star cost;Int;",
    "&.31.1": "Applicable ritual type (Known issue: crashes on copy/paste);Default;",
    "&.32": "AI wait before attack duration (frames);Int;",
    "&.33.1": "AI wait before attack speed factor;ScaledInt;",
    "&.34": "Can be grabbed, during move;Boolean;",
    "&.35.1": "Incoming damage multiplier, during move;ScaledInt;",
    "&.36": "AI cooldown;Int;",
    "&.37": "Stance ID (phase requirement);Int;",
    "&.39.1": "Required height to execute (also used when linking into this move);ScaledInt;",
    "&.40": "Min time before struggle allowed (frames?, -1=impossible);Int;",
    "&.41": "Required inputs to succeed struggle;Int;",
    "&.42": "AI phase comparison strategy;Enum;(None|Greater|Lesser|GreaterOrEqual|LesserOrEqual|Equal|NotEqual)",
    "&.43": "AI phase ID;Int;",
    "&.45": "Make grab target invincible;Boolean;",
    "&.46": "AI cooldown set at start;Boolean;",
    "&.47": "AI cooldown decrease when no weapon;Boolean;",
    "&.48": "Super armor is block;Boolean;",
    "&.49": "AI can be first;Boolean;",
    "&.50.1": "AI move toward target speed factor;ScaledInt;",
    "&.51": "Bounce on background;Boolean;",
    "&.52": "Grab interrupt when no target max frame;Int;",
    "&.53": "Grab can walk;Boolean;",
    "&.54": "Auto-move type;Enum;(None|MoveTowardLastTouchedEnemy|MoveAwayFromLastTouchedEnemy)",
    "&.55.1": "Cancel window open, into self (frames);ScaledInt;",
    "&.56": "Allow direction switching;Boolean;",
    "&.57": "Only allowed when stamina full (AI only?);Boolean;",
    "&.58": "Slides against background;Boolean;",
    "&.59": "Air control activated;Boolean;",
    "&.60.1": "Max distance from front wall;ScaledInt;",
    "&.61.1": "X control offset;ScaledInt;",
    "&.62": "Reset super armor timer on end;Boolean;",
    "&.63.1": "Grab box forward extension;ScaledInt;",
    "&.64": "Provides super armor;Boolean;",
    "&.65": "Move type;Enum;(None|ChargedAttack|Blitz|AllSpecial|Weapon|Star)",
    "&.68": "Anti-fall;Boolean;",
    "&.69": "Make grab target ultra invincible;Boolean;",
    "&.80.1": ";ScaledInt;",
    "&.91.1": ";ScaledInt;"
  }
}