{
  "ClassName": "Objective",
  "Mappings": {
    "&.1": "Training move type;Enum;(Hit|JumpKick|Blitz|BackAttack|Grab|GrabThrow|ReleaseGrab|Vault|VaultJump|Special|AirSpecial|StarMove|BodyHit|Combo|WallBounce|BarrelBounce|Bounce|HitGround|RegainControl|Jump|NeutralJump|ForwardJump|RunJump|Pickup|ThrowWeapon|DropWeapon|CatchWeapon|AirRecover|GrabRecover|NoHitNeutralSpecial|NoHitChargedAttack|IsFrontGrabbing|IsBackGrabbing|IsAnyGrabbing|IsFullLife|IsWithWeapon|IsRunning|IsDashing|IsSweeping|IsTurning|IsEnemyStunned|Count)",
    "&.2": "Buttons;Default;",
    "&.3": "Move name;Default;",
    "&.4": "Needs link;Boolean;",
    "&.5": "Needs grab;Boolean;",
    "&.6": "Needs aerial;Boolean;",
    "&.7": "Needs juggle;Boolean;",
    "&.8": "Needs weapon;Boolean;",
    "&.9": "Needs running;Boolean;",
    "&.10": "Needs stun;Boolean;",
    "&.11": "Move label (leave empty for auto-label);Default;"
  }
}