{
  "ClassName": "PickupData",
  "Mappings": {
    "&.1.1": "AnimatedSprite to draw;Data;AnimatedSpriteData",
    "&.2.1": "HP gained;ScaledInt;",
    "&.4.1": "to character on pickup;Data;FeedbackData",
    "&.6": "Stars gained;Int;",
    "&.7": "Score gained (only at full HP for recovery items);Int;",
    "&.9": "Food type;Enum;(None|Small|Big)",
    "&.10": "Training spawner index (-1, N/A, 0-5 = enemy, 6-9 = player);Int;",
    "&.11": "No flip on ground;Boolean;",
    "&.12": "Force pickup;Boolean;",
    "&.14": "InventoryTypeEnum;Enum;(Collectible\u002BNoBuff?|Trinket|Inspiration|Grenade?|4-?|5-?|PermaBuff|Ultimate?)",
    "&.18": "Trinket description;Data;LocalizationData",
    "&.19.1": "Cost;ScaledInt;",
    "&.21": "Trinket name;Data;LocalizationData",
    "&.22.1": "on trinket spawn;Data;FeedbackData",
    "&.24": "Required character (null);Default;",
    "&.24.1": "Required character;Default;",
    "&.49.1": ";ScaledInt;",
    "&.55.1": ";ScaledInt;"
  }
}