{
  "ClassName": "PlayableCharacter",
  "Mappings": {
    "&.1.1": "Asset ref;Data;CharacterData",
    "&.2.1": "Selection icon;Data;SpriteData",
    "&.3": "Only set for Adam4;Boolean;",
    "&.4": "Character ID (based on sort order) on menu left;Int;",
    "&.5": "Character ID (based on sort order) on menu right;Int;",
    "&.6": "Name;Default;",
    "&.7": "Character ID (based on sort order) on menu up;Int;",
    "&.8": "Character ID (based on sort order) on menu down;Int;",
    "&.9": "Sub menu/grid ID to display character;Int;",
    "&.10.1": "Background portrait;Data;SpriteData",
    "&.11": "Online leaderboard enabled;Boolean;",
    "&.12": "Campaign achievement;Default;",
    "&.13.1": "Locked portrait (texture ref);Data;SpriteData",
    "&.26": "Only set for Roo;Boolean;",
    "&.27": "No DLC required on Stadia;Boolean;",
    "&.27.1": "to display for text box;Data;SpriteData"
  }
}