{
  "ClassName": "ProjectileData",
  "Mappings": {
    "&.1.1": "Animations;Data;AnimatedSpriteData",
    "&.3": "Active frames (60 per second);Int;",
    "&.4.1": "Hitbox Z-depth (overrides hit depth);ScaledInt;",
    "&.5": "Time between hits (frames);Int;",
    "&.6": "Friendly fire;Boolean;",
    "&.7": "Update when freeze;Boolean;",
    "&.8": "Teleport in front when hitting;Boolean;",
    "&.9": "Type (continuous = piercing?);Enum;(Continuous|CollisionAtEnd|HitFrames|ContinuousAndDestroyOnCollision)",
    "&.10": "Disable environment collision (e.g. walls/breakables);Boolean;",
    "&.11.1": "Feedback on environment collision;Data;FeedbackData",
    "&.12": "Hit feedback on projectile;Boolean;",
    "&.13.1": "Vertical oscillation amplitude;ScaledInt;",
    "&.14.1": "Vertical oscillation frequency;ScaledInt;",
    "&.15": "Seek and pause (total of both must be \u003E 0 to work);Boolean;",
    "&.16": "Seek time (frames?);Int;",
    "&.17": "Pause time (frames?);Int;",
    "&.18": "Depth oscillation;Boolean;",
    "&.23": "Enemy killed count for function;Int;",
    "&.24.1": "Projectile to spawn on hit;Data;ProjectileData",
    "&.25.1": "Start seek max angle;ScaledInt;",
    "&.26.1": "??? (pre-v8);ScaledInt;",
    "&.27": "Depth oscillation start toward camera;Boolean;",
    "&.28.1": "Depth oscillation frequency;ScaledInt;",
    "&.29.1": "Start seek min speed X;ScaledInt;",
    "&.30.1": "Feedback on projectile spawn;Data;FeedbackData",
    "&.31": "Override destroy on background collision;Boolean;"
  }
}