{
  "ClassName": "SelectCharacter",
  "Mappings": {
    "&.1.1": "Type to select;Data;CharacterData",
    "&.3": "Player (first alive);Boolean;",
    "&.4": "Everyone;Boolean;",
    "&.5": "All players;Boolean;",
    "&.6": "Target character (\u0027, \u0027 delimited, by Ref ID);String;",
    "&.6.1": "Spawners (\u0027, \u0027 delimited, by Ref ID);String;",
    "&.7": "All spawned characters;Boolean;",
    "&.8": "Player (rightmost);Boolean;",
    "&.9": "Players (all but rightmost);Boolean;",
    "&.10": "All NPCs;Boolean;"
  }
}