{
  "ClassName": "SurvivalConfigData",
  "Mappings": {
    "&.7.1": "Toxic damage/frame;ScaledInt;",
    "&.8.1": "Toxic slowdown amount;ScaledInt;",
    "&.12.1": "For bonus;Data;ActivableData",
    "&.13.1": "For portal;Data;ActivableData",
    "&.14": "Progression increase step;Int;",
    "&.19": "Total enemy rank/level;Int;",
    "&.22": "Max waves/level;Int;",
    "&.23": "Total enemy rank for first level;Int;",
    "&.24": "Max bonus count (\u003E4 = crash);Int;",
    "&.26": "Boss level %;Int;",
    "&.28": "Biome weapon %;Int;",
    "&.29": "Levels by layer;Int;",
    "&.30": "Levels before layers;Int;",
    "&.31": "Wait before first enemy (frames);Int;",
    "&.32": "Wait before first enemy boss (frames);Int;",
    "&.33": "Wait before first enemy first level in layer (frames);Int;",
    "&.34": "Wait between waves (frames);Int;",
    "&.35": "Wave end slow duration (frames);Int;",
    "&.36": "Wait before bonus spawns (frames);Int;",
    "&.37": "Wait before portal spawn (frames);Default;",
    "&.38": "Wait after portal entry (frames);Int;",
    "&.43.1": "Healing item ref;Data;PickupData",
    "&.44.1": "Star pickup per level;ScaledInt;",
    "&.45.1": "Start pickup ref;Data;PickupData",
    "&.46": "Score for extra star;Int;",
    "&.47": "Boss bonus count (\u003E4 = crash);Int;",
    "&.49": "Fire buff duration (frames);Int;",
    "&.51.1": "Star rocket bonus;Data;ProjectileData",
    "&.52": "Star rocket bonus delay (frames);Int;",
    "&.54.1": "Jump vertical speed malus multiplier;ScaledInt;",
    "&.56": "Score for extra star increment;Int;",
    "&.57.1": "For boss portal;Data;ActivableData",
    "&.58": "Wait before music after survival decor (frames);Int;",
    "&.59": "Wait before music after survival decor boss (frames);Int;"
  }
}