{
  "ClassName": "TimelineSurvivalEvent",
  "Mappings": {
    "&.1": "Probability;Int;",
    "&.2": "Start time (frames);Int;",
    "&.3": "Start time variance (frames);Int;",
    "&.4": "Interval time (frames);Int;",
    "&.5": "Interval time variance (frames);Int;",
    "&.6": "Compare mode;Enum;(None|Greater|Lesser|GreaterOrEqual|LesserOrEqual|Equal|NotEqual)",
    "&.7": "Decor state step ref;Int;",
    "&.8": "Deactivate at wave end;Boolean;",
    "&.9": "Force if boss;Boolean;"
  }
}