{
  "ClassName": "WeaponData",
  "Mappings": {
    "&.1": "Type;Enum;(None|Pipe|Bat|Katana|Knife|Vial|Taser|Cleaver|Halberd|Tonfa|Umbrella|Trident|Ignore)",
    "&.3.1": "Durability;ScaledInt;",
    "&.4": "Rotate on throw;Boolean;",
    "&.7": "Apply gravity to throw;Boolean;",
    "&.8": "Name;Data;LocalizationData",
    "&.10": "Rotation frequency (frames);Int;",
    "&.12.1": "Throw bounce gravity multiplier;ScaledInt;",
    "&.13.1": "Feedback on break;Data;FeedbackData",
    "&.14.1": "Feedback on wall collision;Data;FeedbackData",
    "&.15": "Always throw;Boolean;",
    "&.16.1": "Damage area on landing;Data;DamageAreaData",
    "&.17": "Throw in dropped mode;Boolean;",
    "&.18": "Explosion timer (frames);Int;",
    "&.19.1": "Explosion projectile;Data;ProjectileData",
    "&.20.1": "Pickup transformation on hit;Data;PickupData",
    "&.21.1": "Feedback on transformation;Data;FeedbackData",
    "&.25.1": "Feedback on landing;Data;FeedbackData",
    "&.26.1": "Feedback on explosion;Data;FeedbackData",
    "&.28": "Piercing;Boolean;",
    "&.29": "Can bounce targets (while durable);Boolean;",
    "&.30": "Animate while held;Boolean;",
    "&.31": "Droppable;Boolean;",
    "&.32.1": "Hitbox half depth (on throw/drop);ScaledInt;",
    "&.35": "Destroy on collision with background;Boolean;",
    "&.37": "Destroy on depleted durability;Boolean;",
    "&.38": "Slides against background;Boolean;",
    "&.39": "Apply bonus ID (e.g. 21=Poison, 25=Fire, 29=Electric);Int;",
    "&.40": "Roll on ground on explosion timer activation;Boolean;",
    "&.42.1": "Feedback on ground proximity trigger;Data;FeedbackData",
    "&.43": "Ignore friction (on ground);Boolean;",
    "&.44": "Allow catch in air;Boolean;"
  }
}